data;origem;tipo;processo;incidente;texto;tipo_epistemico;atribuida_a;resultado;documento_id;pagina;trecho_fonte;contexto
2004-03-05;documento;assercao;Pet 15556;7514886;O Ministro Gilmar Mendes cita o HC 80.717/SP (Rel. Min. Sepúlveda Pertence, Red. p/ Acórdão Min. Ellen Gracie, Tribunal Pleno, DJ de 5.3.2004) como caso de prisão fundada na credibilidade das instituições.;fundamento_decisorio;Ministro Gilmar Mendes;;226;13;(HC 80.717/SP, Rel. Min. Sepúlveda Pertence, Red. p/ Acórdão Min. Ellen Gracie, Tribunal Pleno, DJ de 5.3.2004).;referencia
2006-06-16;documento;assercao;Pet 15556;7514886;O Ministro Gilmar Mendes reconhece que nos anos 2000 a jurisprudência sobre credibilidade das instituições não era pacificada, citando acórdão de sua relatoria (HC 86.522/DF).;fundamento_decisorio;Ministro Gilmar Mendes;;226;30;É possível encontrar, inclusive, acórdãos de minha lavra que resultaram na manutenção de segregações cautelares fundadas em tal argumento (HC 86.522/DF, de minha relatoria, Segunda Turma, DJ 16.6.2006, v.g.).;referencia
2008-04-25;documento;assercao;Rcl 88121;7450195;O relator cita o entendimento do Tribunal Pleno no Inq 2411 QO (Rel. Min. Gilmar Mendes, DJe 25/4/2008), segundo o qual a iniciativa do procedimento investigatório deve ser confiada ao MPF com a supervisão do Ministro-Relator do STF.;fundamento_decisorio;Ministro Dias Toffoli (Relator);;222;10;A iniciativa do procedimento investigatório deve ser confiada ao MPF contando com a supervisão do Ministro-Relator do STF” (Inq 2411 QO, Relator o Ministro Gilmar Mendes,TribunalPleno,DJe25/4/2008).;referencia
2009-06-18;documento;assercao;Pet 15556;7514886;A Polícia Federal sustenta que o Decreto nº 6.877, de 18 de junho de 2009, reforça que o sistema federal se destina ao recolhimento de presos cuja custódia exija maior controle estatal, regime de segurança mais rigoroso ou medidas especiais de monitoramento.;alegacao_parte;Polícia Federal;;47;2;A regulamentação da matéria pelo Decreto nº 6.877, de 18 de junho de 2009, reforça que o sistema federal se destina justamente ao recolhimento de presos cuja custódia exija maior controle estatal, regime de segurança mais rigoroso ou medidas especiais de monitoramento;referencia
2011-09-09;documento;assercao;Rcl 88121;7450195;O relator afirma que, segundo reiterada jurisprudência, cabe apenas ao Supremo Tribunal Federal decidir sobre a remessa de investigações envolvendo autoridade com prerrogativa de foro na Corte, citando a Rcl 7913 AgR (Tribunal Pleno, DJe de 9/9/2011).;fundamento_decisorio;Ministro Dias Toffoli (Relator);;222;8;Segundo reiterada jurisprudência desta Corte, cabe apenas ao Supremo Tribunal Federal decidir sobre a remessa de investigações envolvendo autoridade com prerrogativa de foro na Corte (Rcl 7913 Agr, de minha relatoria, Tribunal Pleno, DJe de 9/9/2011).;referencia
2018-09-06;documento;assercao;Rcl 88121;7450195;O relator afirma que somente o Supremo Tribunal Federal detém competência para determinar quais elementos probatórios podem ser utilizados ou segregados, citando a Rcl 24473 (Segunda Turma, DJe 6/9/2018).;fundamento_decisorio;Ministro Dias Toffoli (Relator);;222;13;Nessas circunstâncias, somente o Supremo Tribunal Federal detém competência para determinar quais elementos probatórios podem ser utilizados ou segregados (Rcl 24473, de minha relatoria, Segunda Turma, DJe 6/9/2018).;referencia
2021-04-14;documento;assercao;Inq 5026;7473347;O relator afirma que a instalação das CPIs depende do requerimento de um terço dos membros das casas legislativas, da indicação de fato determinado e da definição de prazo certo, citando o MS nº 3.776-MC-Ref/DF, relator Min. Luís Roberto Barroso.;fundamento_decisorio;Ministro André Mendonça;;95;7;"depende exclusivamente (i) do requerimento de um terço dos membros das casas legislativas; (ii) da indicação de fato determinado a ser apurado; e (iii) da definição de prazo certo para sua duração (MS nº 3.776 -MC-Ref/DF, Rel. Min. Luís Roberto Barroso, Tribunal Pleno, j. 14/04/2021).";referencia
2021-08-31;documento;assercao;Pet 15556;7514886;A CVM invoca o art. 5º da Resolução CVM nº 45, de 31 de agosto de 2021, que determina a oitiva prévia do investigado antes da formulação de acusação formal em processo sancionador.;alegacao_parte;Comissão de Valores Mobiliários (CVM);;13;4;invoca o art. 5º da Resolução CVM nº 45, de 31 de agosto de 2021, que determina a oitiva prévia do investigado antes da formulação de acusação formal em processo sancionador;referencia
2024-04-09;documento;assercao;Pet 15198;7473336;Thiago Assumpção Henriques narra que o PORSCHE PANAMERA, placa RTY1A00, foi adquirido mediante Cédula de Crédito Bancário firmada com o ITAÚ UNIBANCO S.A. em 9 de abril de 2024, com garantia fiduciária em favor da instituição credora.;alegacao_parte;Thiago Assumpção Henriques;;140;4;Narra o requerente que o PORSCHE PANAMERA, placa RTY1A00, foi adquirido mediante Cédula de Crédito Bancário, firmada com o ITAÚ UNIBANCO S.A. em 9 de abril de 2024, com garantia fiduciária constituída em favor da instituição credora.;referencia
2024-05-21;documento;assercao;Pet 15198;7473336;A Procuradoria da República em São Paulo afirma que, em 21.5.2024, o Fundo ASTRALO 95 resgatou aproximadamente R$ 800 milhões em CDBs, transferindo R$ 650 milhões para o FIP TERMÓPILAS.;alegacao_parte;Procuradoria da República em São Paulo;;183;12;em 21.5.2024, o Fundo ASTRALO 95 resgatou aproximadamente R$ 800 milhões em CDBs, transferindo R$ 650 milhões para o FIP TERMÓPILAS;referencia
2025-05-27;documento;assercao;Pet 15198;7473336;O Inquérito está em curso perante a 8ª Vara Criminal Federal de São Paulo desde 27 de maio de 2025.;fato_processual;;;183;5;um relato preciso de tudo o que se contém no Inquérito em curso perante a 8ª Vara Criminal Federal de São Paulo desde 27 de maio de 2025;caso
2025-07-04;documento;assercao;Pet 15198;7473336;Thiago Assumpção Henriques narra que o PORSCHE MACAN, placa RTK9H99, foi financiado junto ao CAR BANK, contrato nº 55224624, iniciado em 4 de julho de 2025, também com alienação fiduciária.;alegacao_parte;Thiago Assumpção Henriques;;140;4;O PORSCHE MACAN, placa RTK9H99, por sua vez, foi financiado junto ao CAR BANK, contrato nº 55224624, iniciado em 4 de julho de 2025, também com alienação fiduciária.;caso
2025-08-20;documento;assercao;Pet 15556;7514886;O relator cita o HC nº 260.221, de 20/08/2025, sobre precedentes que legitimam a tutela cautelar para interromper a atuação de integrantes de organização criminosa.;fundamento_decisorio;Ministro André Mendonça;;224;38;E na linha do quanto recentemente pontuado pelo HC nº 260.221, de 20/08/2025, esta Corte registra diversos “precedentes no sentido de ser legítima a tutela cautelar que tenha por fim resguardar a ordem pública quando evidenciada a necessidade de se interromper ou diminuir a atuação de integrantes;caso
2025-10-27;documento;assercao;Pet 15198;7473336;Em 27.10.2025, a Procuradoria da República em São Paulo manifestou-se pelo deferimento parcial dos pedidos formulados pela autoridade policial.;alegacao_parte;Procuradoria da República em São Paulo;;183;1;Em 27.10.2025, a Procuradoria da República em São Paulo manifestou-se pelo deferimento parcial dos pedidos formulados.;caso
2025-10-27;documento;assercao;Pet 15198;7473336;O Procurador-Geral da República afirma que a manifestação de 27.10.2025 da Procuradoria da República em São Paulo discorre em detalhe sobre os indícios concretos trazidos pela autoridade policial e a imprescindibilidade de deferimento das medidas requeridas.;alegacao_parte;Procurador-Geral da República;;183;3;a manifestação de 27.10.2025 apresentada pela Procuradoria da República em São Paulo discorre em detalhe sobre os indícios concretos trazidos pela autoridade policial e a imprescindibilidadededeferimento das medidas requeridas.;caso
2025-10-27;documento;assercao;Pet 15198;7473336;A manifestação da Procuradoria da República em São Paulo de 27.10.2025 consta dos autos no e-doc. 12, fls. 3650/3655.;fato_processual;;;183;5;manifestação Procuradoria da República em São Paulo, realizada no dia 27.10.2025, conforme reproduzido abaixo (e-doc. 12, fls. 3650/3655);caso
2025-10-27;documento;assercao;Pet 15198;7473336;O relator considera que a manifestação de 27.10.2025 da Procuradoria da República em São Paulo discorre em detalhe sobre os indícios concretos trazidos pela autoridade policial e estabelece o vínculo necessário à concessão das medidas requeridas, sem prejuízo de revisão do quadro fático probatório no transcurso das investigações.;fundamento_decisorio;Ministro Dias Toffoli;;183;19;a manifestação de 27.10.2025 apresentada pela Procuradoria da República em São Paulo discorre em detalhe sobre os indícios concretos trazidos pela autoridade policial e a imprescindibilidade de deferimento das medidas requeridas, estabelecendo o vínculo necessário à concessão das medidas requeridas;caso
2025-11-18;documento;assercao;Pet 15556;7514886;A primeira fase da operação foi deflagrada em 18 de novembro de 2025, ocasião em que foi apreendido o primeiro celular de Daniel Bueno Vorcaro.;fato_processual;;;224;4;primeiro celular do investigado Daniel Bueno Vorcaro, apreendido durante a realização da primeira fase da operação, deflagrada precisamente em 18 de novembro de 2025.;caso
2025-11-24;documento;assercao;Pet 15198;7473336;Em decisão de 24.11.2025, o Juízo da 8ª Vara Criminal Federal da Seção Judiciária de São Paulo solicitou esclarecimentos sobre as medidas requeridas pela autoridade policial.;fato_processual;;;183;1;Em decisão de 24.11.2025, o Juízo da 8ª Vara Criminal Federal da Seção Judiciária de São Paulo solicitou esclarecimentos sobre as medidas requeridas pela autoridade policial.;caso
2025-11-27;documento;assercao;Pet 15198;7473336;Em 27.11.2025, a Polícia Federal forneceu as informações solicitadas pelo Juízo, procedendo à individualização dos valores dos pedidos de sequestro e bloqueio de bens e esclarecendo o período de quebra de sigilo fiscal.;fato_processual;;;183;1;A Polícia Federal, em 27.11.2025, forneceu as informações solicitadas. Procedeu à individualização dos valores dos pedidos de sequestro e bloqueio de bens. Esclareceu o período de quebra de sigilo fiscal.;caso
2025-11-27;documento;assercao;Pet 15198;7473336;A Procuradoria-Geral da República encampa parcialmente a manifestação da Procuradoria da República em São Paulo, com a retificação proposta pela autoridade policial em 27.11.2025, afastando o pedido de prisão de Daniel Bueno Vorcaro.;alegacao_parte;Procurador-Geral da República;;183;4;a Procuradoria-Geral da República encampa parcialmente a manifestação da Procuradoria da República em São Paulo, com a retificação proposta pela autoridade policial em 27.11.2025, afastando, porém, o pedido deprisão deDanielBueno Vorcaro.;caso
2025-11-28;documento;assercao;Pet 15556;7514886;A Polícia Federal sustenta que o mesmo modus operandi está em investigação no Inq. 5035 e que as ações prosseguiram após a prisão e sua revogação pelo TRF1 em 28 de novembro de 2025, com a contratação de influencers para o “Projeto DV” em dezembro de 2025.;alegacao_parte;Polícia Federal;;55;23;Esse mesmo modus operandi está em investigação nos autos do Inq. 5035, cujas ações prosseguiram mesmo após sua prisão e posterior revogação pelo TRF1, no dia 28 de novembro de 2025, uma vez que a contratação de influencers para a execução do “Projeto DV” foi colocada em prática logo depois;caso
2025-11-28;documento;assercao;Pet 15556;7514886;A Polícia Federal afirma que DANIEL VORCARO foi posto em liberdade em 28/11/2025 e sustenta que a organização continuou a ocultar recursos em nome de terceiros após essa data.;alegacao_parte;Polícia Federal;;55;25;mesmo após ser posto em liberdade, o que ocorreu no dia 28/11/2025, a organização criminosa continuou a ocultar recursos bilionários em nome de terceiros;caso
2025-11-28;documento;assercao;Rcl 88121;7450195;Em 28 de novembro de 2025, o relator determinou a emenda à inicial, solicitou informações à autoridade reclamada e concedeu vista à Procuradoria-Geral da República (doc. 23).;fato_processual;;;222;3;Em 28 de novembro de 2025, determinei a emenda à inicial, solicitei informações à autoridade reclamada e concedi vista à Procuradoria-Geral da República (doc. 23).;caso
2025-11-28;documento;assercao;Rcl 88121;7450195;Em 28 de novembro de 2025, a Desembargadora Solange Salgado concedeu parcialmente o habeas corpus, determinando a substituição da prisão preventiva por medidas cautelares (doc. 34).;fato_processual;;;222;7;Em 28 de novembro de 2025, a Desembargadora Solange Salgado concedeu parcialmente o habeas corpus, determinando a substituição da prisão preventiva por medidas cautelares (doc. 34).;caso
2025-11-28;documento;assercao;Rcl 88121;7450195;A Rcl 88121 foi autuada em 28/11/2025 às 13:34:17, com assunto Direito Processual Penal, Medidas Assecuratórias, Busca e Apreensão de Bens, e Investigação Penal.;fato_processual;;;223;1;Data de autuação: 28/11/2025 às 13:34:17 Outros Dados: Folhas: Não informado. Volumes: Não informado. Apensos: Não informado. Assunto: DIREITO PROCESSUAL PENAL | Medidas Assecuratórias | Busca e Apreensão de Bens, DIREITO PROCESSUAL PENAL | Investigação Penal;caso
2025-11-28;documento;assercao;Pet 15556;7514886;A Polícia Federal afirma que a prisão foi revogada pelo TRF1 em 28 de novembro de 2025 e que a contratação de influencers para o “Projeto DV” foi colocada em prática em dezembro de 2025.;alegacao_parte;Polícia Federal;;224;32;cujas ações prosseguiram mesmo após sua prisão e posterior revogação pelo TRF1, no dia 28 de novembro de 2025, uma vez que a contratação de influencers para a execução do “Projeto DV” foi colocada em prática logo depois, isto é, no mês de dezembro de 2025;caso
2025-11-28;documento;assercao;Pet 15556;7514886;A Polícia Federal afirma que Daniel Vorcaro foi posto em liberdade em 28/11/2025 e que a organização continuou a ocultar recursos em nome de terceiros.;alegacao_parte;Polícia Federal;;224;34;mesmo após ser posto em liberdade, o que ocorreu no dia 28/11/2025, a organização criminosa continuou a ocultar recursos bilionários em nome de terceiros;caso
2025-11-28;portal;andamento;Rcl 88121;7450195;Distribuído — MIN. DIAS TOFFOLI. APOSENTADORIA: Excluído(a) da distribuição MIN. LUÍS ROBERTO BARROSO de 10/10/2025 a 10/12/2025, motivo: Art. 67 - § 13º RISTF;;;;;;;caso
2025-11-28;portal;andamento;Rcl 88121;7450195;Autuado;;;;;;;caso
2025-11-29;portal;andamento;Rcl 88121;7450195;Despacho — 28/11/2025;;;;;;;caso
2025-12-03;documento;assercao;Pet 15198;7473336;Em decisão de 3.12.2025 nos autos da Reclamação n. 88.121/STF, o Ministro relator deferiu o acesso pelo Departamento de Polícia Federal.;fato_processual;;;183;2;o eminente Ministro relator,em decisão de3.12.2025,assim determinou: ‘Defiro, também, o acesso pelo Departamento de Polícia Federal;caso
2025-12-03;documento;assercao;Rcl 88121;7450195;Em 3 de dezembro de 2025, o relator deferiu a habilitação de Luiz Antonio Bull, concedeu acesso dos autos à Polícia Federal e determinou que novas diligências e medidas fossem previamente submetidas ao crivo do Supremo Tribunal Federal (doc. 46).;fato_processual;;;222;3;Em 3 de dezembro de 2025, deferi a habilitação de Luiz Antonio Bull, concedi acesso dos autos à Polícia Federal e determinei que “novas diligências e medidas devem ser previamente submetidas ao crivo desta Suprema Corte;caso
2025-12-03;portal;andamento;Rcl 88121;7450195;Despacho — 03/12/2025;;;;;;;caso
2025-12-04;documento;assercao;Rcl 88121;7450195;Em 4 de dezembro de 2025, o Deputado Federal João Carlos Paolilo Bacelar Filho requereu acesso aos autos, com fundamento na Súmula Vinculante nº 14 (doc. 52).;fato_processual;;;222;5;Em 4 de dezembro de 2025, o Deputado Federal João Carlos Paolilo Bacelar Filho requereu acesso aos autos, com fundamento na Súmula Vinculante nº 14.;caso
2025-12-05;documento;assercao;Pet 15198;7473336;Em decisão de 5.12.2025, o Juízo da 8ª Vara Criminal Federal da Seção Judiciária de São Paulo determinou a suspensão do trâmite do feito em decorrência da decisão proferida pelo Ministro Dias Toffoli nos autos da Reclamação n. 88.121/STF.;fato_processual;;;183;2;Em decisão de 5.12.2025, o Juízo da 8ª Vara Criminal Federal da Seção Judiciária de São Paulo determinou a suspensão do trâmite do feito em decorrência da decisão proferida pelo eminente Ministro Dias Toffoli nos autos da Reclamação n. 88.121/STF;caso
2025-12-05;documento;assercao;Rcl 88121;7450195;Em 5 de dezembro de 2025, o reclamante reforça a ausência de riscos relativos às supostas reiteração criminosa, obstrução da justiça e movimentação de recursos pelo alto poder econômico, requerendo a revogação das medidas cautelares diversas da prisão (doc. 68).;alegacao_parte;reclamante (D.B.V.);;222;5;Em 5 de dezembro de 2025, o reclamante reforça a ausência de riscos relativos “às suspostas reitração criminosa, obstrução da justiça e movimentação de recursos pelo alto poder econômico”, requerendo a revogação das medidas cautelares diversas da prisão (doc. 68).;caso
2025-12-09;documento;assercao;Inq 5026;7473347;O Procurador-Geral da República relata que, nos autos da Reclamação n. 88121/DF, em 9.12.2025, o Ministro relator pontuou que ficam mantidas, por ora, todas as decisões administrativas, cíveis e criminais até então proferidas em relação a todos os investigados, inclusive as constrições sobre bens e valores.;alegacao_parte;Procurador-Geral da República;;116;3;nos autos da Reclamação n. 88121/DF, em 9.12.2025, o eminente Ministro pontuou que “ficam mantidas, por ora, todas as decisões administrativas, cíveis e criminais até então proferidas em relação a todos os investigados, inclusive as constrições sobre bens e valores”;caso
2025-12-09;documento;assercao;Rcl 88121;7450195;A intimação foi recebida eletronicamente por Francisco Cleoson Sousa Nobre em 09/12/2025.;fato_processual;;;221;1;"A intimação foi recebida eletronicamente por
FRANCISCO CLEOSON SOUSA NOBRE,
85949663268, em 09/12/2025.";caso
2025-12-09;documento;assercao;Rcl 88121;7450195;Houve vista à PGR para fins de intimação em 09/12/2025.;fato_processual;;;221;1;Vista à PGR para fins de intimação - 09/12/2025;caso
2025-12-09;documento;assercao;Rcl 88121;7450195;A decisão foi assinada em Brasília, em 9 de dezembro de 2025, pelo Ministro Dias Toffoli, Relator.;fato_processual;;;222;24;Brasília, 9 de dezembro de 2025. Ministro DIASTOFFOLI Relator;caso
2025-12-09;documento;decisao;Rcl 88121;7450195;liminar de imediata suspensão das investigações perante o Juízo Federal de primeiro grau (Inquérito Policial nº 1096304-87.2025.4.01.3400 e medidas cautelares conexas) e sua remessa ao Supremo Tribunal Federal → deferiu parcialmente o pedido liminar para suspender as investigações perante o Juízo Federal da 10ª Vara da Seção Judiciária do Distrito Federal e as demais instâncias antecedentes, e determinar a remessa ao Supremo Tribunal Federal de toda matéria, inclusive conexa, à investigação da operação Compliance Zero, com continuidade das investigações sob a supervisão imediata do Supremo Tribunal Federal até o julgamento definitivo da reclamação;;;parcialmente_deferido;222;23;;caso
2025-12-09;documento;decisao;Rcl 88121;7450195;liminar de avaliação da necessidade de manutenção da prisão do reclamante ou de substituição por medidas cautelares alternativas, e revogação das medidas cautelares diversas da prisão (doc. 68) → adiou a apreciação da manutenção das medidas distintas da prisão, por considerar indispensável a instrução completa do processo, com as informações da autoridade reclamada e o parecer da Procuradoria-Geral da República;;;outro;222;7;;caso
2025-12-09;documento;decisao;Rcl 88121;7450195;acesso aos autos, com fundamento na Súmula Vinculante nº 14 (doc. 52) → deferiu o pedido de acesso aos autos ao Deputado Federal João Carlos Paolilo Bacelar Filho, nos termos da Súmula Vinculante nº 14;;;deferido;222;23;;caso
2025-12-09;documento;decisao;Rcl 88121;7450195;expedição de ofício ao Banco Central do Brasil para fornecimento de documentação e elementos informativos sobre procedimentos administrativos em curso envolvendo as pessoas e instituições investigadas → determinou que se oficie ao Banco Central do Brasil para que forneça a documentação e os elementos informativos relativos aos procedimentos administrativos em curso que envolvam as pessoas e as instituições investigadas;;;determinado_de_oficio;222;23;;caso
2025-12-09;documento;decisao;Rcl 88121;7450195;fornecimento, pela Polícia Federal, de todos os procedimentos investigatórios referentes à Operação Compliance Zero, inclusive conexas → determinou à Polícia Federal que forneça todos os procedimentos investigatórios referentes à Operação Compliance Zero, inclusive conexas, de forma sigilosa;;;determinado_de_oficio;222;23;;caso
2025-12-09;documento;decisao;Rcl 88121;7450195;comunicação da decisão ao Diretor-Geral da Polícia Federal, ao Juízo da 10ª Vara Federal da Seção do Distrito Federal, ao Tribunal Regional Federal da 1ª Região e ao Superior Tribunal de Justiça → determinou a comunicação ao Diretor-Geral da Polícia Federal, ao Juízo da 10ª Vara Federal da Seção do Distrito Federal, ao Tribunal Regional da 1ª Região e ao Superior Tribunal de Justiça, observado o sigilo dos autos;;;determinado_de_oficio;222;23;;caso
2025-12-09;documento;decisao;Rcl 88121;7450195;cumprimento da decisão com urgência → determinou o cumprimento da decisão com urgência;;;determinado_de_oficio;222;23;;caso
2025-12-09;documento;decisao;Rcl 88121;7450195;intimação das partes → determinou as intimações;;;determinado_de_oficio;222;24;;caso
2025-12-09;portal;andamento;Rcl 88121;7450195;Decisão (sigiloso);;;;;;;caso
2025-12-12;portal;andamento;Rcl 88121;7450195;Decisão (sigiloso);;;;;;;caso
2025-12-15;documento;assercao;Rcl 88121;7450195;A decisão serve de mandado e foi proferida em Brasília, em 15 de dezembro de 2025, pelo Ministro Dias Toffoli, relator, com determinação de cumprimento e publicação.;fato_processual;;;220;2;Serve a presente de mandado. Cumpra-se. Publique-se. Brasília, 15 de dezembro de 2025. Ministro DIASTOFFOLI Relator;caso
2025-12-15;documento;decisao;Rcl 88121;7450195;custódia dos documentos e informações encartados aos autos por diversos órgãos estatais e pelo Poder Judiciário → determinou que os documentos e informações encartados aos autos sejam devidamente custodiados, com a estrita observância do devido processo legal;;;determinado_de_oficio;220;1;;caso
2025-12-15;documento;decisao;Rcl 88121;7450195;realização imediata de diligências preliminares, com prazo inicial de 30 dias → determinou a realização imediata de diligências preliminares, com prazo inicial de 30 (trinta) dias, conforme enumeradas nos itens i a iv;;;determinado_de_oficio;220;1;;caso
2025-12-15;documento;decisao;Rcl 88121;7450195;ofício ao Procurador-Geral da República para que, querendo, indique um Subprocurador-Geral da República para atuação nas oitivas preliminares → determinou a expedição de ofício ao Procurador-Geral da República para que, querendo, já indique um Subprocurador-Geral da República para atuação nas oitivas preliminares;;;determinado_de_oficio;220;2;;caso
2025-12-15;documento;decisao;Rcl 88121;7450195;adoção, pela Secretaria Judiciária, das medidas necessárias à realização das oitivas → determinou à Secretaria Judiciária que, após o recebimento das informações detalhadas sobre aqueles que serão ouvidos, adote as medidas necessárias à realização dos atos;;;determinado_de_oficio;220;2;;caso
2025-12-15;portal;andamento;Rcl 88121;7450195;Deferido;;;;;;;caso
2025-12-22;documento;assercao;Inq 5026;7473347;Os autos do Inq 5026 foram autuados em 22/12/2025 às 17:01:00, com assunto Direito Penal, Crimes contra o Sistema Financeiro Nacional, e Direito Processual Penal, Investigação Penal.;fato_processual;;;127;1;Data de autuação: 22/12/2025 às 17:01:00 Outros Dados: Folhas: 1 Volumes: 1 Apensos: 0 Assunto: DIREITO PENAL | Crimes Previstos na Legislação Extravagante | Crimes contra o Sistema Financeiro Nacional, DIREITO PROCESSUAL PENAL | Investigação Penal;caso
2025-12-22;documento;assercao;Pet 15198;7473336;Os autos da e-Pet 15198 foram autuados em 22/12/2025, às 16:49:39.;fato_processual;;;190;1;Data de autuação: 22/12/2025 às 16:49:39;caso
2025-12-22;portal;andamento;Inq 5026;7473347;Distribuído por prevenção — MIN. DIAS TOFFOLI. Prevenção do Relator/Sucessor: MIN. DIAS TOFFOLI. Justificativa legal: RISTF, art. 69, caput. Processo que justifica: Pet 15172;;;;;;;caso
2025-12-22;portal;andamento;Inq 5026;7473347;Autuado;;;;;;;caso
2025-12-22;portal;andamento;Pet 15198;7473336;Distribuído por prevenção — MIN. DIAS TOFFOLI. Prevenção do Relator/Sucessor: MIN. DIAS TOFFOLI. Justificativa legal: RISTF, art. 69, caput. Processo que justifica: Rcl 88121;;;;;;;caso
2025-12-22;portal;andamento;Pet 15198;7473336;Autuado;;;;;;;caso
2025-12-22;portal;andamento;Pet 15172;7471355;Processo findo;;;;;;;caso
2025-12-22;portal;andamento;Pet 15172;7471355;Distribuído por prevenção;;;;;;;caso
2025-12-22;portal;andamento;Pet 15172;7471355;Autuado;;;;;;;caso
2025-12-22;portal;andamento;Rcl 88121;7450195;Decisão (sigiloso);;;;;;;caso
2025-12-23;documento;assercao;Pet 15198;7473336;Um despacho foi proferido em 23.12.2025 nos autos, ao qual o Procurador-Geral da República respondeu com sua manifestação.;fato_processual;;;183;1;em atenção ao despacho proferido em 23.12.2025;caso
2025-12-23;documento;assercao;Pet 15198;7473336;Em 23.12.2025, a Procuradoria da República em São Paulo requereu a remessa dos autos ao Supremo Tribunal Federal, por vinculação à Petição n. 15.198/DF.;alegacao_parte;Procuradoria da República em São Paulo;;183;2;Em 23.12.2025, a Procuradoria da República em São Paulo requereu a remessa dos autos ao Supremo Tribunal Federal, por vinculação àPetição n.15.198/DF.;caso
2025-12-23;portal;andamento;Inq 5026;7473347;Despacho;;;;;;;caso
2025-12-23;portal;andamento;Inq 5026;7473347;Despacho;;;;;;;caso
2025-12-23;portal;andamento;Pet 15198;7473336;Despacho;;;;;;;caso
2025-12-23;portal;andamento;Rcl 88121;7450195;Despacho;;;;;;;caso
2025-12-26;portal;andamento;Inq 5026;7473347;Despacho;;;;;;;caso
2025-12-26;portal;andamento;Inq 5026;7473347;Despacho — 26/12/2025;;;;;;;caso
2025-12-26;portal;andamento;Inq 5026;7473347;Despacho;;;;;;;caso
2025-12-27;documento;assercao;Inq 5026;7473347;A intimação foi recebida eletronicamente por Ubiratan Cazetta, CPF 10944738800, em 27/12/2025.;fato_processual;;;122;1;A intimação foi recebida eletronicamente por UBIRATAN CAZETTA, 10944738800, em 27/12/2025.;caso
2025-12-27;documento;assercao;Inq 5026;7473347;"Consta o andamento ""Vista à PGR para fins de intimação"", registrado em 27/12/2025.";fato_processual;;;122;1;Vista à PGR para fins de intimação - 27/12/2025;caso
2025-12-27;documento;assercao;Inq 5026;7473347;O despacho foi proferido em Brasília, em 27 de dezembro de 2025, pelo Ministro Dias Toffoli, relator, determinando o cumprimento e a publicação.;fato_processual;;;123;2;Cumpra-se e publique-se. Brasília, 27 de dezembro de 2025. Ministro DIASTOFFOLI Relator;caso
2025-12-27;documento;assercao;Inq 5026;7473347;A intimação foi recebida eletronicamente por Francisco Cleoson Sousa Nobre em 27/12/2025.;fato_processual;;;124;1;A intimação foi recebida eletronicamente por FRANCISCO CLEOSON SOUSA NOBRE, 85949663268, em 27/12/2025.;caso
2025-12-27;documento;assercao;Inq 5026;7473347;A intimação foi recebida eletronicamente por Francisco Cleoson Sousa Nobre em 27/12/2025.;fato_processual;;;125;1;"A intimação foi recebida eletronicamente por
FRANCISCO CLEOSON SOUSA NOBRE,
85949663268, em 27/12/2025.";caso
2025-12-27;documento;assercao;Inq 5026;7473347;Houve vista à PGR para fins de intimação em 27/12/2025.;fato_processual;;;125;1;Vista à PGR para fins de intimação - 27/12/2025;caso
2025-12-27;documento;decisao;Inq 5026;7473347;embargos de declaração opostos pelo Banco Central do Brasil e Ailton de Aquino Santos → deixou de conhecer dos embargos, por não serem os embargantes investigados nem sujeitos das medidas já determinadas nos autos;;;nao_conhecido;123;1;;caso
2025-12-27;documento;decisao;Inq 5026;7473347;realização dos depoimentos e acareações entre os investigados, tal como explicitados em despachos anteriores → determinou a realização dos atos tal como já explicitados em despachos anteriores, sob a condução da autoridade policial competente, com organização pelo juiz auxiliar do gabinete;;;determinado_de_oficio;123;1;;caso
2025-12-27;documento;decisao;Inq 5026;7473347;manutenção do sigilo dos autos → manteve o sigilo dos autos diante da necessidade do regular prosseguimento das investigações;;;determinado_de_oficio;123;1;;caso
2025-12-27;portal;andamento;Inq 5026;7473347;Despacho — 27/12/2025;;;;;;;caso
2025-12-27;portal;andamento;Inq 5026;7473347;Despacho — 26/12/2025;;;;;;;caso
2026-01-06;documento;assercao;Pet 15198;7473336;A decisão foi proferida em Brasília, em 6 de janeiro de 2026, pelo Ministro Dias Toffoli, relator.;fato_processual;;;183;20;Brasília, 6 de janeiro de 2026. Ministro DIASTOFFOLI Relator;caso
2026-01-06;documento;decisao;Pet 15198;7473336;remessa do feito (inquérito em curso na 8ª Vara Criminal Federal de São Paulo) ao Supremo Tribunal Federal → consignou que o requerimento de remessa do feito ao Supremo Tribunal Federal mostra-se pertinente e necessário;;;outro;183;4;;caso
2026-01-06;documento;decisao;Pet 15198;7473336;encampação parcial da manifestação da Procuradoria da República em São Paulo de 27.10.2025, com as retificações posteriores, e deferimento dos pedidos formulados pela autoridade policial, à exceção da prisão preventiva de Daniel Bueno Vorcaro → deferiu o pedido formulado pelo Procurador-Geral da República, nos exatos limites em que formulado;;;deferido;183;19;;caso
2026-01-06;documento;decisao;Pet 15198;7473336;quebra de sigilo bancário e fiscal dos investigados, no período de 20.10.2020 a 21.10.2025 → deferiu os pedidos de quebra de sigilo bancário e fiscal dos investigados indicados nas manifestações transcritas, nos períodos indicados;;;deferido;183;19;;caso
2026-01-06;documento;decisao;Pet 15198;7473336;sequestro e bloqueio de bens e valores dos investigados, conforme individualização apresentada pela autoridade policial → deferiu os pedidos de sequestro e bloqueio de bens, tal como requeridos pelo Procurador-Geral da República em sua manifestação;;;deferido;183;19;;caso
2026-01-06;documento;decisao;Pet 15198;7473336;expedição do necessário ao cumprimento, com preservação do sigilo dos autos → determinou a expedição do necessário, preservando-se o sigilo dos autos;;;determinado_de_oficio;183;20;;caso
2026-01-08;documento;assercao;Pet 15198;7473336;Consta como andamento a vista à PGR para fins de intimação em 08/01/2026.;fato_processual;;;176;1;Vista à PGR para fins de intimação - 08/01/2026;caso
2026-01-08;documento;assercao;Pet 15198;7473336;A decisão foi proferida em Brasília, em 8 de janeiro de 2026, pelo Ministro Dias Toffoli, relator.;fato_processual;;;188;6;Brasília, 8 de janeiro de 2026. Ministro DIASTOFFOLI Relator;caso
2026-01-08;documento;decisao;Pet 15198;7473336;pedido complementar de busca e apreensão em relação às 39 pessoas físicas e jurídicas elencadas na manifestação, nos endereços indicados pela autoridade policial (e-doc. 16) → deferiu parcialmente os pedidos complementares de busca e apreensão das pessoas elencadas, nos respectivos endereços indicados, exceto em relação aos alvos sob n. 2 (endereço 1), 12 e 33;;;parcialmente_deferido;188;5;;caso
2026-01-08;documento;decisao;Pet 15198;7473336;busca e apreensão no endereço 1 do alvo n. 2 (Daniel Bueno Vorcaro, R. Dr. Ibsen da Costa Manso, 141, São Paulo/SP) → excluiu do deferimento o endereço 1 do alvo n. 2, por já terem sido realizadas diligências de igual jaez, sem que se verifique e justifique neste momento a realização de novas diligências;;;indeferido;188;5;;caso
2026-01-08;documento;decisao;Pet 15198;7473336;busca e apreensão em relação ao alvo n. 12 (André Felipe de Oliveira Seixas Maia) → excluiu do deferimento o alvo n. 12, por já terem sido realizadas diligências de igual jaez, sem que se verifique e justifique neste momento a realização de novas diligências;;;indeferido;188;5;;caso
2026-01-08;documento;decisao;Pet 15198;7473336;busca e apreensão em relação ao alvo n. 33 (Banco Master) → excluiu do deferimento o alvo n. 33, por já terem sido realizadas diligências de igual jaez e por estar a instituição em liquidação extrajudicial, com arquivos e documentos em poder do interventor nomeado pelo Banco Central do Brasil;;;indeferido;188;5;;caso
2026-01-08;documento;decisao;Pet 15198;7473336;expedição do necessário, cumprimento e intimação da Procuradoria-Geral da República e da Polícia Federal → determinou a expedição do necessário, preservado o sigilo dos autos, o cumprimento e a intimação da Procuradoria-Geral da República e da Polícia Federal para cumprimento da decisão;;;determinado_de_oficio;188;6;;caso
2026-01-08;portal;andamento;Inq 5026;7473347;Despacho — 7/1/2026;;;;;;;caso
2026-01-08;portal;andamento;Pet 15198;7473336;Decisão (sigiloso);;;;;;;caso
2026-01-12;documento;assercao;Pet 15198;7473336;Houve ordem subsequente para cumprimento das medidas cautelares no prazo de 24 horas a partir de 12.01.2026.;fato_processual;;;186;1;com ordem subsequente para cumprimento no prazo de 24 horas a partir de 12.01.2026;caso
2026-01-12;documento;assercao;Pet 15198;7473336;O relator observa que eventual frustração do cumprimento das medidas requeridas decorre de inércia exclusiva da POLÍCIA FEDERAL, inclusive diante de inobservância expressa e deliberada de decisão por ele proferida em 12.01.2026.;fundamento_decisorio;Ministro Dias Toffoli (relator);;186;6;eventual frustração do cumprimento das medidas requeridas decorre de inércia exclusiva da POLÍCIA FEDERAL, inclusive diante de INOBSERVÂNCIA EXPRESSA E DELIBERADA DE DECISÃO POR MIM PROFERIDA NA DATA DE 12.01.2026;caso
2026-01-12;documento;assercao;Pet 15198;7473336;Decisão proferida pelo relator em 12.01.2026 determinou a deflagração da presente fase no prazo de 24 horas (e-doc. nº 56, assinado às 14:52 horas e juntado aos autos às 15:15 horas).;fato_processual;;;186;6;DECISÃO POR MIM PROFERIDA NA DATA DE 12.01.2026, QUE DETERMINOU A DEFLAGRAÇÃO DA PRESENTE FASE NO PRAZO DE 24 HORAS (e-doc. nº 56, assinado às 14:52 horas e juntado aos autos às 15:15 horas);caso
2026-01-12;portal;andamento;Pet 15198;7473336;Despacho;;;;;;;caso
2026-01-13;documento;assercao;Pet 15198;7473336;A autoridade policial representou por novas providências urgentes por meio da Pet. 2475/2026, protocolada em 13.01.2026 às 19:13 horas.;fato_processual;;;186;1;a autoridade policial apenas representou por novas providências urgentes por meio da Pet. 2475/2026 - protocolada nesta data (13.01.2026) às 19:13 horas;caso
2026-01-13;documento;assercao;Pet 15198;7473336;O relator deferiu a realização de busca pessoal sobre FABIANO CAMPOS ZETTEL e seus pertences, no local em que ele seja encontrado, provavelmente quando do seu embarque no aeroporto internacional de Guarulhos/SP na noite de 13.01.2026.;fato_processual;;;186;6;1. A realização de BUSCA PESSOAL sobre FABIANO CAMPOS ZETTEL (CPF: 027.818.816-86) e seus pertences, no local em que ele seja encontrado (o que provavelmente se dará quando do seu embarque no aeroporto internacional de Guarulhos/SP na noite de 13.01.2026);caso
2026-01-13;documento;assercao;Pet 15198;7473336;A decisão foi proferida em Brasília, em 13 de janeiro de 2026, e é assinada pelo Ministro Dias Toffoli, relator.;fato_processual;;;186;8;Brasília, 13 de janeiro de 2026. Ministro DIASTOFFOLI Relator;caso
2026-01-13;documento;decisao;Pet 15198;7473336;expedição de mandado de busca pessoal sobre Fabiano Campos Zettel e seus pertences, no local em que ele seja encontrado (Pet. 2475/2026, e-doc nº 74) → deferiu a realização de busca pessoal sobre Fabiano Campos Zettel e seus pertences, no local em que ele seja encontrado, com eventual apreensão de material relacionado e útil à investigação;;;deferido;186;6;;caso
2026-01-13;documento;decisao;Pet 15198;7473336;decretação da prisão temporária de Fabiano Campos Zettel pelo prazo mínimo de um dia → decretou a prisão temporária de Fabiano Campos Zettel até às 07:00 horas de 14.01.2026;;;deferido;186;7;;caso
2026-01-13;documento;decisao;Pet 15198;7473336;decretação da proibição de deixar o país do investigado Fabiano Campos Zettel → impôs medida cautelar diversa da prisão consistente na apreensão de passaporte(s) e na proibição de sair do país, para que o investigado permaneça no Brasil até o fim das investigações;;;deferido;186;7;;caso
2026-01-13;documento;decisao;Pet 15198;7473336;expedição de mandado de busca pessoal sobre Nelson Sequeiros Rodriguez Tanure e seus pertences, no local em que ele seja encontrado → deferiu a realização de busca pessoal sobre Nelson Sequeiros Rodriguez Tanure e seus pertences, no local em que ele seja encontrado, com eventual apreensão de material relacionado e útil à investigação;;;deferido;186;7;;caso
2026-01-13;documento;decisao;Pet 15198;7473336;lacração e acautelamento, na sede do Supremo Tribunal Federal, de todos os bens e materiais apreendidos → determinou que todos os bens e materiais apreendidos por força da decisão anterior e da presente sejam lacrados e acautelados diretamente na sede do Supremo Tribunal Federal, até ulterior determinação;;;determinado_de_oficio;186;8;;caso
2026-01-13;documento;decisao;Pet 15198;7473336;informação, pelo Diretor-Geral do Departamento de Polícia Federal, da razão do descumprimento da ordem anteriormente exarada → determinou que o Diretor-Geral do Departamento de Polícia Federal informe à Corte, no prazo de 24 horas, a razão do descumprimento da ordem anteriormente exarada para cumprimento das medidas no prazo estabelecido;;;determinado_de_oficio;186;8;;caso
2026-01-13;documento;decisao;Pet 15198;7473336;cumprimento da decisão, servindo a própria decisão de mandado → determinou o cumprimento, servindo a decisão de mandado, com oportuna expedição dos documentos correspondentes;;;determinado_de_oficio;186;8;;caso
2026-01-13;documento;decisao;Pet 15198;7473336;publicação da decisão a partir das 12:00 horas do dia 14.01.2026 → determinou a publicação da decisão a partir das 12:00 horas do dia 14.01.2026;;;determinado_de_oficio;186;8;;caso
2026-01-13;portal;andamento;Inq 5026;7473347;Decisão (sigiloso) — em 13/01/2026;;;;;;;caso
2026-01-13;portal;andamento;Pet 15198;7473336;Decisão (sigiloso) — em 12/01/2026;;;;;;;caso
2026-01-13;portal;andamento;Pet 15198;7473336;Decisão (sigiloso) — em 13/01/2026;;;;;;;caso
2026-01-14;documento;assercao;Pet 15556;7514886;A Polícia Federal afirma que a Segunda Fase da Operação Compliance Zero foi deflagrada em 14/01/2026, ocasião em que foi bloqueada a quantia de R$ 2.245.235.850,24.;alegacao_parte;Polícia Federal;;55;25;Segunda Fase da Operação Compliance Zero, deflagrada no dia 14/01/2026, oportunidade em que foi bloqueada a impressionante quantia de R$ 2.245.235.850,24;caso
2026-01-14;documento;assercao;Pet 15198;7473336;Thiago Assumpção Henriques afirma que os pagamentos dos financiamentos continuaram inclusive após a apreensão dos veículos, ocorrida em 14 de janeiro de 2026.;alegacao_parte;Thiago Assumpção Henriques;;140;5;inclusive após a apreensão ocorrida em 14 de janeiro de 2026.;caso
2026-01-14;documento;assercao;Pet 15198;7473336;"Os veículos foram apreendidos durante o cumprimento de mandado de busca e apreensão realizado nas residências dos requerentes em 14/01/2026; os pedidos têm fundamento nos arts. 118 e 120 do Código de Processo Penal.";fato_processual;;;144;4;apreendidos durante o cumprimento de mandado de busca e apreensão realizado nas respectivas residências em 14/01/2026, com fundamento nos arts. 118 e 120 do Código de Processo Penal;caso
2026-01-14;documento;assercao;Pet 15198;7473336;O requerente aduz que colaborou integralmente com a diligência policial realizada em 14/01/2026, indicando espontaneamente os locais de armazenamento dos armamentos, os quais seriam regularmente registrados perante o SINARM e mantidos em conformidade com as exigências do Exército Brasileiro.;alegacao_parte;FERNANDO ALVES VIEIRA (requerente);;157;4;colaborou integralmente com a diligência policial realizada em 14/01/2026, indicando espontaneamente os locais de armazenamento dos armamentos, os quais seriam regularmente registrados perante o SINARM e mantidos em conformidade com as exigências do Exército Brasileiro;caso
2026-01-14;documento;assercao;Pet 15198;7473336;"É registrado nos autos o andamento ""Vista à PGR para fins de intimação"", datado de 14/01/2026.";fato_processual;;;173;1;Vista à PGR para fins de intimação - 14/01/2026;caso
2026-01-14;documento;assercao;Pet 15198;7473336;"Consta o andamento ""Vista à PGR para fins de intimação"", registrado em 14/01/2026.";fato_processual;;;174;1;Vista à PGR para fins de intimação - 14/01/2026;caso
2026-01-14;documento;assercao;Pet 15198;7473336;Houve vista à PGR para fins de intimação em 14/01/2026.;fato_processual;;;175;1;Vista à PGR para fins de intimação - 14/01/2026;caso
2026-01-14;documento;assercao;Pet 15198;7473336;O Procurador-Geral da República relata que, em 14.1.2026, a Procuradoria-Geral da República manifestou-se pela reconsideração da determinação de lacração e acautelamento do material na sede do Supremo Tribunal Federal, requerendo que os materiais apreendidos permanecessem sob custódia da autoridade policial.;alegacao_parte;Procurador-Geral da República;;185;1;Em 14.1.2026, a Procuradoria-Geral da República manifestou-se pela reconsideração da determinação de lacração e acautelamento do material na sede do Supremo Tribunal Federal, requerendo fosse autorizado que os materiais apreendidos permanecessem sob custódia da autoridade policial.;caso
2026-01-14;documento;assercao;Pet 15198;7473336;O despacho foi proferido em Brasília, em 14 de janeiro de 2026, pelo Ministro Dias Toffoli, relator.;fato_processual;;;185;3;Brasília, 14 de janeiro de 2026. Ministro DIASTOFFOLI Relator;caso
2026-01-14;documento;assercao;Pet 15198;7473336;A Polícia Federal afirma que, em monitoramento aos investigados formalizado na Informação de Polícia Judiciária nº 14/2026-UADIP/DELECOR/DRPJ/SR/PF/SP, verificou-se que FABIANO CAMPOS ZETTEL possui passagem aérea internacional com destino a Dubai, nos Emirados Árabes Unidos, marcada para a madrugada de 14.1.2026 (00:50hrs).;alegacao_parte;Polícia Federal;;186;2;verificou-se que FABIANO CAMPOS ZETTEL (CPF: 027.818.816-86) possui passagem aérea internacional com destino a Dubai, nos Emirados Árabes Unidos, marcada para a madrugada do dia 14.1.2026;caso
2026-01-14;documento;assercao;Pet 15198;7473336;A Polícia Federal requer a prisão temporária pelo prazo mínimo de um dia, porquanto, tão logo efetivadas as demais medidas ostensivas, poderá ser determinada a liberdade do investigado a partir das 6 horas do dia 14.1.2026.;alegacao_parte;Polícia Federal;;186;3;se requer a prisão temporária pelo prazo mínimo de um dia, porquanto tão logo efetivadas as demais medidas ostensivas de cumprimento dos mandados judiciais poderá ser determinada a liberdade do investigado (a partir das 6 horas do dia 14.1.2026).;caso
2026-01-14;documento;assercao;Pet 15198;7473336;A Polícia Federal afirma que consta da Informação de Polícia Judiciária nº 14/2026-UADIP/DELECOR/DRPJ/SR/PF/SP que NELSON SEQUEIROS RODRIGUEZ TANURE possui passagem aérea agendada para a manhã do dia 14.1.2026, às 7:30 hrs, com destino a Curitiba/PR.;alegacao_parte;Polícia Federal;;186;3;NELSON SEQUEIROS RODRIGUEZ TANURE (CPF: 041.747.715-53) possui passagem aérea agendada para a manhã do dia 14.1.2026 (dia do cumprimento das medidas), às 7:30 hrs, com destino a Curitiba/PR.;caso
2026-01-14;documento;assercao;Pet 15198;7473336;O relator decretou a prisão temporária de FABIANO CAMPOS ZETTEL até às 07:00 horas de 14.01.2026.;fato_processual;;;186;7;3. A decretação da PRISÃO TEMPORÁRIA em desfavor do FABIANO CAMPOS ZETTEL (CPF: 027.818.816-86), até às 07:00 horas de 14.01.2026;caso
2026-01-14;documento;assercao;Pet 15198;7473336;O relator deferiu a realização de busca pessoal sobre NELSON SEQUEIROS RODRIGUEZ TANURE e seus pertences, no local em que ele seja encontrado, provavelmente quando do seu embarque no aeroporto internacional do Rio de Janeiro/RJ na manhã de 14.01.2026.;fato_processual;;;186;7;4. A realização de BUSCA PESSOAL sobre NELSON SEQUEIROS RODRIGUEZ TANURE (CPF: 041.747.715-53) e seus pertences, no local em que ele seja encontrado (o que provavelmente se dará quando do seu embarque no aeroporto internacional do Rio de Janeiro/RJ na manhã de 14.01.2026);caso
2026-01-14;documento;assercao;Pet 15198;7473336;O relator determinou a publicação da decisão a partir das 12:00 horas do dia 14.01.2026.;fato_processual;;;186;8;Determino a publicação desta decisão a partir das 12:00 horas do dia 14.01.2026.;caso
2026-01-14;documento;assercao;Pet 15556;7514886;A defesa sumaria como quarto elemento um suposto bloqueio de R$ 2.245.235.850,24 na segunda fase da Operação Compliance Zero, em conta de Henrique Vorcaro vinculada à REAG, que teria ocorrido em 14 de janeiro de 2026.;alegacao_parte;defesa de Daniel Bueno Vorcaro;;224;2;D. Um suposto bloqueio de R$ 2.245.235.850,24 na segunda fase da Operação Compliance Zero em uma conta do Sr. Henrique Vorcaro, pai do Peticionário, que teria ocorrido em 14 de janeiro de 2026, em conta vinculada à instituição financeira denominada REAG;caso
2026-01-14;documento;assercao;Pet 15556;7514886;A Polícia Federal afirma que na Segunda Fase da Operação Compliance Zero, deflagrada em 14/01/2026, foi bloqueada a quantia de R$ 2.245.235.850,24.;alegacao_parte;Polícia Federal;;224;34;Segunda Fase da Operação Compliance Zero, deflagrada no dia 14/01/2026, oportunidade em que foi bloqueada a impressionante quantia de R$ 2.245.235.850,24 (dois bilhões, duzentos e quarenta e cinco milhões, duzentos e trinta e cinco mil, oitocentos e cinquenta reais e vinte e quatro centavos);caso
2026-01-14;documento;decisao;Pet 15198;7473336;autorização para que a Procuradoria-Geral da República realize a extração e análise de todo o acervo probatório colhido nos autos, com posterior disponibilização → deferiu o pedido formulado pelo Procurador-Geral da República;;;deferido;185;2;;caso
2026-01-14;documento;decisao;Pet 15198;7473336;expedição de ofício ao Diretor-Geral da Polícia Federal para as providências necessárias e encaminhamento direto do material à PGR → determinou que se oficie ao Diretor-Geral da Polícia Federal para as providências necessárias, autorizando desde logo o encaminhamento direto do material à PGR;;;determinado_de_oficio;185;3;;caso
2026-01-14;documento;decisao;Pet 15198;7473336;adoção, pelo Procurador-Geral da República, das cautelas necessárias à custódia do material → determinou que o Procurador-Geral da República adote as cautelas necessárias à correta e cuidadosa custódia do material;;;determinado_de_oficio;185;3;;caso
2026-01-14;documento;decisao;Pet 15198;7473336;cumprimento e publicação da decisão → determinou o cumprimento e a publicação da decisão;;;determinado_de_oficio;185;3;;caso
2026-01-14;documento;decisao;Pet 15198;7473336;levantamento do sigilo das manifestações constantes dos documentos nºs 4, 15, 56, 68, 71 e 85 → determinou o levantamento do sigilo das manifestações constantes dos documentos nºs 4, 15, 56, 68, 71 e 85, por já cumpridas as formalidades e diligências neles determinadas;;;determinado_de_oficio;187;1;;caso
2026-01-14;documento;decisao;Pet 15198;7473336;comunicação ao Diretor Geral da Polícia Federal, ciência ao Ministério Público Federal e publicação → determinou a comunicação ao Diretor Geral da Polícia Federal, a ciência ao Ministério Público Federal e a publicação;;;determinado_de_oficio;187;1;;caso
2026-01-14;portal;andamento;Pet 15198;7473336;"Despacho — ""(...) Posto isso, defiro o pedido formulado pelo Procurador-Geral da República e determino que se oficie ao Diretor-Geral da Polícia Federal para as providências necessárias, autorizando, desde logo, o encaminhamento direto à PGR do referido material. Determino, outrossim, que o Procurador-Geral da República adote as cautelas necessárias à correta e cuidadosa custódia do referido material, bastando para tanto que os aparelhos sejam mantidos eletricamente carregados e em modo desacoplado de redes telefônicas e de wi-fi, para a devida preservação de seu conteúdo e oportuna extração e periciamento pela autoridade encarregada. Cumpra-se. Publique-se. Brasília, 14 de janeiro de 2026.""";;;;;;;caso
2026-01-14;portal;andamento;Pet 15198;7473336;Determinada a diligência;;;;;;;caso
2026-01-14;portal;andamento;Pet 15198;7473336;Despacho;;;;;;;caso
2026-01-14;portal;andamento;Pet 15198;7473336;Despacho — em 14/01/2026;;;;;;;caso
2026-01-14;portal;andamento;Pet 15198;7473336;Determinada a diligência — em 13/01/2026;;;;;;;caso
2026-01-15;documento;assercao;Pet 15198;7473336;Houve vista à PGR para fins de intimação em 15/01/2026.;fato_processual;;;172;1;Vista à PGR para fins de intimação - 15/01/2026;caso
2026-01-15;documento;assercao;Pet 15198;7473336;A Secretaria Judiciária do Supremo Tribunal Federal intima o Procurador-Geral da República do inteiro teor do despacho constante dos autos (ID da peça 8be662be), publicado no DJe de 15/01/2026.;fato_processual;;;174;1;De ordem, a Secretaria Judiciária do Supremo Tribunal Federal INTIMA a parte abaixo identificada, ou quem as suas vezes fizer, do inteiro teor do(a) despacho/decisão constante dos autos (ID da peça: 8be662be), publicado no DJe de 15/01/2026;caso
2026-01-15;documento;decisao;Pet 15198;7473336;indicação de peritos da Polícia Federal para acompanhamento da extração de dados e realização da perícia do material custodiado no Ministério Público Federal → indicou os peritos da Polícia Federal LUIS FILIPE DA CRUZ NASSIF, TIAGO BARROSO DE MELO, ENELSON CANDEIA DA CRUZ FILHO e LORENZO VICTOR SCHREPEL DELMUTTI, com livre acesso ao material apreendido e apoio da Procuradoria-Geral da República;;;determinado_de_oficio;184;1;;caso
2026-01-15;documento;decisao;Pet 15198;7473336;publicidade da decisão contida no e-Doc. 14 → determinou à Secretaria Judiciária que torne pública a decisão contida no e-Doc. 14;;;determinado_de_oficio;184;1;;caso
2026-01-15;documento;decisao;Pet 15198;7473336;intimação da Procuradoria-Geral da República → determinou a intimação da Procuradoria-Geral da República;;;determinado_de_oficio;184;1;;caso
2026-01-15;portal;andamento;Pet 15198;7473336;Deferido — 6/1/2026;;;;;;;caso
2026-01-15;portal;andamento;Pet 15198;7473336;Despacho;;;;;;;caso
2026-01-15;portal;andamento;Pet 15198;7473336;Despacho — 15/1/2026;;;;;;;caso
2026-01-16;documento;assercao;Pet 15198;7473336;A Secretaria Judiciária do Supremo Tribunal Federal intima o Procurador-Geral da República do inteiro teor da decisão monocrática constante dos autos (ID da peça 8773ecf7), publicado no DJe de 16/01/2026.;fato_processual;;;171;1;a Secretaria Judiciária do Supremo Tribunal Federal INTIMA a parte abaixo identificada, ou quem as suas vezes fizer, do inteiro teor do(a) despacho/decisão constante dos autos (ID da peça: 8773ecf7), publicado no DJe de 16/01/2026;caso
2026-01-16;documento;decisao;Inq 5026;7473347;nova prorrogação do prazo para conclusão das investigações por mais 60 (sessenta) dias → deferiu a prorrogação do prazo por mais 60 (sessenta) dias;;;deferido;121;1;;caso
2026-01-16;documento;decisao;Inq 5026;7473347;intimação da Procuradoria-Geral da República e publicação → determinou a intimação da Procuradoria-Geral da República e a publicação;;;determinado_de_oficio;121;1;;caso
2026-01-16;portal;andamento;Inq 5026;7473347;Despacho;;;;;;;caso
2026-01-19;documento;assercao;Inq 5026;7473347;A Secretaria Judiciária do Supremo Tribunal Federal intima o Procurador-Geral da República do inteiro teor do despacho constante dos autos (ID da peça 1c9a5169), publicado no DJe de 19/01/2026.;fato_processual;;;120;1;a Secretaria Judiciária do Supremo Tribunal Federal INTIMA a parte abaixo identificada, ou quem as suas vezes fizer, do inteiro teor do(a) despacho/decisão constante dos autos (ID da peça: 1c9a5169), publicado no DJe de 19/01/2026;caso
2026-01-19;documento;assercao;Inq 5026;7473347;A intimação foi recebida eletronicamente por Erika Palmeira de Souza Barreto em 19/01/2026.;fato_processual;;;120;1;A intimação foi recebida eletronicamente por ERIKA PALMEIRA DE SOUZA BARRETO, 00203577108, em 19/01/2026.;caso
2026-01-20;documento;assercao;Inq 5026;7473347;Consta como andamento a vista à PGR para fins de intimação, em 20/01/2026.;fato_processual;;;111;1;- Vista à PGR para fins de intimação - 20/01/2026;caso
2026-01-20;documento;assercao;Pet 15198;7473336;A autoridade policial informa que as moedas estrangeiras arrecadadas na diligência não foram submetidas a depósito bancário eletrônico, mas entregues fisicamente sob custódia da Caixa Econômica Federal, Agência Século, em Belo Horizonte/MG, na data de 20/01/2026 (e-Doc. 612, fls. 2-3).;alegacao_parte;autoridade policial (Polícia Federal);;157;11;informa-se que tais valores não foram submetidos a depósito bancário eletrônico, mas sim entregues fisicamente sob custódia da Caixa Econômica Federal (Agência Século, localizada na Rua Carijós, nº 218, Centro, Belo Horizonte/MG, na data de 20/01/2026);caso
2026-01-20;documento;assercao;Pet 15198;7473336;O relator consigna que os valores em moeda estrangeira foram entregues fisicamente à Caixa Econômica Federal, Agência Século, em Belo Horizonte/MG, em 20 de janeiro de 2026, conforme o Ofício nº 313700/2026 - DELECOR/DRPJ/SR/PF/SP.;fundamento_decisorio;Ministro André Mendonça (relator);;157;12;tendo sido entregues fisicamente à Caixa Econômica Federal, Agência Século, situada na Rua Carijós, nº 218, Centro, Belo Horizonte/MG, em 20 de janeiro de 2026, consubstanciada no Ofício nº 313700/2026 - DELECOR/DRPJ/SR/PF/SP;caso
2026-01-20;documento;assercao;Pet 15198;7473336;O despacho foi proferido pelo Ministro Dias Toffoli, relator, em 20 de janeiro de 2026.;fato_processual;;;182;1;"Brasília, 20 de janeiro de 2026.
Ministro DIASTOFFOLI
Relator";caso
2026-01-20;portal;andamento;Inq 5026;7473347;Despacho — 20/01/2026;;;;;;;caso
2026-01-22;documento;assercao;Inq 5026;7473347;Houve vista à PGR para fins de intimação em 22/01/2026.;fato_processual;;;112;1;Vista à PGR para fins de intimação - 22/01/2026;caso
2026-01-22;documento;assercao;Inq 5026;7473347;Segundo a manifestação do Procurador-Geral da República, em 22.1.2026 a autoridade policial formulou pedido de ratificação das medidas deferidas pelo juízo do primeiro grau e de autorização judicial expressa para continuidade das diligências relativas à extração e análise do material apreendido.;alegacao_parte;Autoridade policial (conforme relatado pelo Procurador-Geral da República);;116;2;Em 22.1.2026, a autoridade policial formulou pedido de ratificação das medidas deferidas pelo juízo do primeiro grau e de autorização judicial expressa para continuidade das diligências relativas à extração e análise do material apreendido.;caso
2026-01-22;documento;assercao;Inq 5026;7473347;O Procurador-Geral da República relata que, em 22.1.2026, o Ministro relator determinou a manifestação da Procuradoria-Geral da República.;alegacao_parte;Procurador-Geral da República;;116;2;Em 22.1.2026, o eminente Ministro relator determinou a manifestação da Procuradoria-Geral da República.;caso
2026-01-22;portal;andamento;Inq 5026;7473347;Despacho — 21/01/2026;;;;;;;caso
2026-01-23;portal;andamento;Inq 5026;7473347;Despacho — em 22/01/2026;;;;;;;caso
2026-01-24;documento;assercao;Inq 5026;7473347;"É registrado nos autos o andamento ""Vista à PGR para fins de intimação"", datado de 24/01/2026.";fato_processual;;;108;1;Vista à PGR para fins de intimação - 24/01/2026;caso
2026-01-24;documento;assercao;Inq 5026;7473347;O despacho foi proferido em Brasília, em 24 de janeiro de 2026, pelo Ministro Dias Toffoli, relator.;fato_processual;;;116;3;Brasília, 24 de janeiro de 2026. Ministro DIASTOFFOLI Relator;caso
2026-01-24;portal;andamento;Inq 5026;7473347;Despacho — 24/01/2026;;;;;;;caso
2026-01-26;documento;assercao;Inq 5026;7473347;Houve vista à PGR para fins de intimação em 26/01/2026.;fato_processual;;;107;1;Vista à PGR para fins de intimação - 26/01/2026;caso
2026-01-26;documento;assercao;Inq 5026;7473347;O despacho foi proferido em Brasília, em 26 de janeiro de 2026, e assinado pelo Ministro Dias Toffoli, relator.;fato_processual;;;115;3;Brasília, 26 de janeiro de 2026. Ministro DIASTOFFOLI Relator;caso
2026-01-26;portal;andamento;Inq 5026;7473347;Despacho — 26/01/2026;;;;;;;caso
2026-01-26;portal;andamento;Pet 15198;7473336;Despacho — 23/1/2026;;;;;;;caso
2026-01-27;documento;assercao;Pet 15198;7473336;Consta como andamento a vista à PGR para fins de intimação em 27/01/2026.;fato_processual;;;181;1;Vista à PGR para fins de intimação - 27/01/2026;caso
2026-01-27;portal;andamento;Pet 15198;7473336;Despacho — 20/1/2026;;;;;;;caso
2026-02-02;documento;assercao;Pet 15198;7473336;A intimação foi recebida eletronicamente por JOAQUIM CABRAL DA COSTA NETO em 02/02/2026.;fato_processual;;;181;1;A intimação foi recebida eletronicamente por JOAQUIM CABRAL DA COSTA NETO, 07486179490, em 02/02/2026.;caso
2026-02-02;portal;andamento;Inq 5026;7473347;Interposto agravo regimental — Juntada Petição: 8522/2026;;;;;;;caso
2026-02-03;portal;andamento;Rcl 88121;7450195;Despacho;;;;;;;caso
2026-02-04;portal;andamento;Inq 5026;7473347;Despacho — 03/02/2026;;;;;;;caso
2026-02-05;documento;assercao;Inq 5026;7473347;O despacho foi proferido pelo Ministro Dias Toffoli, relator, em 5 de fevereiro de 2026, com determinação de ciência ao Procurador-Geral da República.;fato_processual;;;110;2;"Cumpra-se. Intimem-se.
Ciência ao Procurador-Geral da República.
Brasília, 5 de fevereiro de 2026.
Ministro DIASTOFFOLI
Relator";caso
2026-02-05;documento;assercao;Inq 5026;7473347;A intimação foi recebida eletronicamente por JOAQUIM CABRAL DA COSTA NETO, em 05/02/2026.;fato_processual;;;111;1;A intimação foi recebida eletronicamente por JOAQUIM CABRAL DA COSTA NETO, 07486179490, em 05/02/2026.;caso
2026-02-05;documento;assercao;Inq 5026;7473347;A intimação foi recebida eletronicamente por Joaquim Cabral da Costa Neto, em 05/02/2026.;fato_processual;;;112;1;"A intimação foi recebida eletronicamente por
JOAQUIM CABRAL DA COSTA NETO,
07486179490, em 05/02/2026.";caso
2026-02-05;documento;assercao;Inq 5026;7473347;A intimação foi recebida eletronicamente por Joaquim Cabral da Costa Neto em 05/02/2026.;fato_processual;;;113;1;A intimação foi recebida eletronicamente por JOAQUIM CABRAL DA COSTA NETO, 07486179490, em 05/02/2026.;caso
2026-02-05;documento;assercao;Pet 15198;7473336;A Secretaria Judiciária faz remessa dos autos com vista ao Procurador-Geral da República, em 5 de fevereiro de 2026.;fato_processual;;;180;1;De ordem, a Secretaria Judiciária faz remessa destes autos com vista ao Excelentíssimo Senhor Procurador-Geral da República. Brasília, 5 de fevereiro de 2026.;caso
2026-02-05;portal;andamento;Inq 5026;7473347;Despacho;;;;;;;caso
2026-02-05;portal;andamento;Pet 15198;7473336;Despacho — em 04/02/2026;;;;;;;caso
2026-02-09;documento;assercao;Inq 5035;7498168;Os autos do e-Inq 5035 foram autuados em 09/02/2026.;fato_processual;;;133;1;Data de autuação: 09/02/2026 às 18:47:59;caso
2026-02-09;documento;assercao;Pet 15198;7473336;A intimação é recebida eletronicamente por Joaquim Cabral da Costa Neto, CPF 07486179490, em 09/02/2026.;fato_processual;;;178;1;"A intimação foi recebida eletronicamente por
JOAQUIM CABRAL DA COSTA NETO,
07486179490, em 09/02/2026.";caso
2026-02-09;documento;assercao;Pet 15198;7473336;"É registrado nos autos o andamento ""Vista à PGR para fins de intimação"", datado de 09/02/2026.";fato_processual;;;178;1;Vista à PGR para fins de intimação - 09/02/2026;caso
2026-02-09;portal;andamento;Inq 5035;7498168;Autuado;;;;;;;caso
2026-02-09;portal;andamento;Pet 15198;7473336;Despacho — em 09/02/2026;;;;;;;caso
2026-02-09;portal;andamento;Rcl 88121;7450195;Despacho;;;;;;;caso
2026-02-10;documento;assercao;Rcl 88121;7450195;A secretaria certifica que o acórdão/decisão da Reclamação 88121 transitou em julgado em 10/02/2026.;fato_processual;;;218;1;Certifico que o(a) acórdão/decisão transitou em julgado em 10/02/2026.;caso
2026-02-10;documento;decisao;Rcl 88121;7450195;certificação do trânsito em julgado da decisão do e-doc. 237 e baixa dos autos ao arquivo → determinou à Secretaria Judiciária que certifique o trânsito em julgado da decisão do e-doc. 237, com a baixa dos autos ao arquivo;;;determinado_de_oficio;219;1;;caso
2026-02-11;portal;andamento;Pet 15198;7473336;Despacho;;;;;;;caso
2026-02-11;portal;andamento;Rcl 88121;7450195;Baixa ao arquivo do STF, Guia nº — Guia: 4524/2026 - COORDENADORIA DE GESTÃO DA INFORMAÇÃO, MEMÓRIA INSTITUCIONAL E MUSEU;;;;;;;caso
2026-02-11;portal;andamento;Rcl 88121;7450195;Transitado(a) em julgado — 10/02/2026;;;;;;;caso
2026-02-11;portal;andamento;Rcl 88121;7450195;Despacho — Sem Descrição;;;;;;;caso
2026-02-11;portal;andamento;Rcl 88121;7450195;Despacho;;;;;;;caso
2026-02-12;portal;andamento;Inq 5026;7473347;Redistribuído — MIN. ANDRÉ MENDONÇA. Exclusão do Relator/Revisor: MIN. DIAS TOFFOLI. Justificativa legal: RISTF, Decisão do Tribunal. Processo que justifica: Inq 5026;;;;;;;caso
2026-02-12;portal;andamento;Inq 5026;7473347;Decisão (sigiloso);;;;;;;caso
2026-02-13;documento;assercao;Pet 15198;7473336;A redistribuição ocorreu em 13/02/2026.;fato_processual;;;177;1;DATA DE REDISTRIBUIÇÃO: 13/02/2026 - 20:25:00;caso
2026-02-13;portal;andamento;Inq 5035;7498168;Distribuído por prevenção — MIN. ANDRÉ MENDONÇA. Prevenção do Relator/Sucessor: MIN. ANDRÉ MENDONÇA. Justificativa legal: RISTF, art. 69, caput. Processo que justifica: Inq 5026;;;;;;;caso
2026-02-13;portal;andamento;Pet 15198;7473336;Redistribuído — MIN. ANDRÉ MENDONÇA. Prevenção do Relator/Sucessor: MIN. ANDRÉ MENDONÇA. Justificativa legal: RISTF, art. 69, caput. Processo que justifica: Inq 5026;;;;;;;caso
2026-02-13;portal;andamento;Pet 15198;7473336;Despacho;;;;;;;caso
2026-02-14;documento;assercao;Inq 5026;7473347;A intimação foi recebida automaticamente pelo sistema em 14/02/2026, nos termos do art. 5º, §3º da Lei 11.419/2006.;fato_processual;;;107;1;"A intimação foi recebida automaticamente pelo
sistema, em 14/02/2026, nos termos do art. 5º, §3
da Lei 11.419/2006.";caso
2026-02-14;documento;assercao;Inq 5026;7473347;A intimação é recebida automaticamente pelo sistema, em 14/02/2026, nos termos do art. 5º, §3, da Lei 11.419/2006.;fato_processual;;;108;1;A intimação foi recebida automaticamente pelo sistema, em 14/02/2026, nos termos do art. 5º, §3 da Lei 11.419/2006.;caso
2026-02-14;documento;assercao;Pet 15198;7473336;A intimação foi recebida automaticamente pelo sistema em 14/02/2026, nos termos do art. 5º, §3º da Lei 11.419/2006.;fato_processual;;;171;1;A intimação foi recebida automaticamente pelo sistema, em 14/02/2026, nos termos do art. 5º, §3 da Lei 11.419/2006.;caso
2026-02-14;documento;assercao;Pet 15198;7473336;A intimação foi recebida automaticamente pelo sistema em 14/02/2026, nos termos do art. 5º, §3º da Lei 11.419/2006.;fato_processual;;;172;1;"A intimação foi recebida automaticamente pelo
sistema, em 14/02/2026, nos termos do art. 5º, §3
da Lei 11.419/2006.";caso
2026-02-14;documento;assercao;Pet 15198;7473336;A intimação é recebida automaticamente pelo sistema, em 14/02/2026, nos termos do art. 5º, §3, da Lei 11.419/2006.;fato_processual;;;173;1;A intimação foi recebida automaticamente pelo sistema, em 14/02/2026, nos termos do art. 5º, §3 da Lei 11.419/2006.;caso
2026-02-14;documento;assercao;Pet 15198;7473336;A intimação foi recebida automaticamente pelo sistema em 14/02/2026, nos termos do art. 5º, §3 da Lei 11.419/2006.;fato_processual;;;174;1;A intimação foi recebida automaticamente pelo sistema, em 14/02/2026, nos termos do art. 5º, §3 da Lei 11.419/2006.;caso
2026-02-14;documento;assercao;Pet 15198;7473336;A intimação foi recebida automaticamente pelo sistema em 14/02/2026, nos termos do art. 5º, §3º da Lei 11.419/2006.;fato_processual;;;175;1;"A intimação foi recebida automaticamente pelo
sistema, em 14/02/2026, nos termos do art. 5º, §3
da Lei 11.419/2006.";caso
2026-02-14;documento;assercao;Pet 15198;7473336;A intimação foi recebida automaticamente pelo sistema em 14/02/2026, nos termos do art. 5º, §3º da Lei 11.419/2006.;fato_processual;;;176;1;A intimação foi recebida automaticamente pelo sistema, em 14/02/2026, nos termos do art. 5º, §3 da Lei 11.419/2006.;caso
2026-02-16;documento;assercao;Inq 5026;7473347;A intimação foi recebida automaticamente pelo sistema em 16/02/2026, nos termos do art. 5º, §3º da Lei 11.419/2006.;fato_processual;;;106;1;A intimação foi recebida automaticamente pelo sistema, em 16/02/2026, nos termos do art. 5º, §3 da Lei 11.419/2006.;caso
2026-02-19;documento;assercao;Inq 5026;7473347;O relator fundamenta a decisão na similitude dos requerimentos formulados pela Comissão de Assuntos Econômicos do Senado Federal nos e-Docs. 310 e 353.;fundamento_decisorio;Ministro André Mendonça (relator);;98;3;Comissão de Assuntos Econômicos do Senado Federal nos e-Docs. 310 e 353, DETERMINO a extensão de todos os efeitos do provimento judicial de 19 de fevereiro de 2026 (e-Doc 323);caso
2026-02-19;documento;assercao;Inq 5026;7473347;A decisão foi proferida em Brasília, em 19 de fevereiro de 2026, pelo Ministro André Mendonça, relator.;fato_processual;;;105;7;Brasília, 19 de fevereiro de 2026. Ministro ANDRÉMENDONÇA Relator;caso
2026-02-19;documento;assercao;Pet 15198;7473336;"É registrado nos autos o andamento ""Vista à PGR para fins de intimação"", datado de 19/02/2026.";fato_processual;;;168;1;Vista à PGR para fins de intimação - 19/02/2026;caso
2026-02-19;documento;assercao;Pet 15198;7473336;O despacho foi proferido em Brasília, em 19 de fevereiro de 2026, e assinado pelo Ministro André Mendonça, relator.;fato_processual;;;170;4;Brasília, 19 de fevereiro de 2026. Ministro ANDRÉMENDONÇA Relator;caso
2026-02-19;documento;decisao;Inq 5026;7473347;autorização para a apresentação do investigado Daniel Bueno Vorcaro a fim de prestar depoimento perante a Comissão de Assuntos Econômicos do Senado Federal no dia 24/02/2026 → autorizou a solicitação nos termos do pedido, condicionando o comparecimento do investigado à prévia manifestação expressa, formal e inequívoca quanto à sua opção por comparecer, consignando que o comparecimento é de caráter estritamente facultativo;;;deferido;105;6;;caso
2026-02-19;documento;decisao;Inq 5026;7473347;consignação de que a custódia do depoente, durante sua permanência nas dependências do Congresso Nacional, ficará sob responsabilidade da Polícia Legislativa do Senado Federal → determinou que a custódia do depoente, dentro das dependências do Congresso Nacional, ficará, conforme requerido, a cargo da Polícia Legislativa do Senado Federal;;;deferido;105;6;;caso
2026-02-19;documento;decisao;Inq 5026;7473347;definição das condições logísticas para o deslocamento até Brasília/DF e retorno ao local de custódia, inclusive quanto ao meio de transporte, admitindo-se que as despesas sejam suportadas pelo próprio convidado → determinou que a Polícia Federal fixe as condições logísticas do transporte e do retorno ao local de custódia, em aeronave da própria instituição ou comercial de carreira, com escolta policial, vedado o deslocamento em aeronave particular;;;outro;105;6;;caso
2026-02-19;documento;decisao;Inq 5026;7473347;comunicação da decisão, com cópia integral, à Presidência da Comissão de Assuntos Econômicos do Senado Federal, às defesas constituídas e à Polícia Federal → determinou a comunicação, com a máxima urgência e remessa de cópia integral da decisão, à Presidência da Comissão de Assuntos Econômicos do Senado Federal, às defesas constituídas e à Polícia Federal;;;determinado_de_oficio;105;6;;caso
2026-02-19;portal;andamento;Inq 5026;7473347;Decisão (sigiloso);;;;;;;caso
2026-02-19;portal;andamento;Pet 15198;7473336;Decisão (sigiloso);;;;;;;caso
2026-02-19;portal;andamento;Pet 15198;7473336;Despacho;;;;;;;caso
2026-02-20;documento;assercao;Inq 5026;7473347;Consta como andamento a vista à PGR para fins de intimação em 20/02/2026.;fato_processual;;;99;1;Vista à PGR para fins de intimação - 20/02/2026;caso
2026-02-20;documento;assercao;Inq 5026;7473347;Consta como andamento a vista à PGR para fins de intimação, em 20/02/2026.;fato_processual;;;100;1;- Vista à PGR para fins de intimação - 20/02/2026;caso
2026-02-20;documento;assercao;Pet 15556;7514886;O relator autorizou, por decisão proferida em 20.2.2026 nos autos do Inq 5.026/DF, a disponibilização à CPMI do INSS dos dados obtidos na quebra de sigilos de investigado.;fato_processual;;;226;9;disponibilização dos dados obtidos na quebra de sigilos de investigado à CPMI do INSS, autorizado por decisão proferida pelo relator em 20.2.2026, nos autos do Inq 5.026/DF.;caso
2026-02-20;portal;andamento;Inq 5026;7473347;Decisão publicada, DJE;;;;;;;caso
2026-02-20;portal;andamento;Inq 5026;7473347;Decisão (sigiloso);;;;;;;caso
2026-02-21;documento;assercao;Pet 15612;7522443;Em 21/02/2026, a Polícia Federal remeteu o Ofício nº 20/2026 - CINQ/CGRC/DICOR/PF, com informações preliminares da diligência de cumprimento da decisão.;fato_processual;;;215;2;no dia 21/02/2026 a Polícia Federal remeteu o Ofício nº 20/2026 - CINQ/CGRC/ DICOR/PF, com informações preliminares da diligência;caso
2026-02-23;documento;assercao;Inq 5026;7473347;A Secretaria Judiciária intimou o Procurador-Geral da República do inteiro teor da decisão monocrática constante dos autos (peça ID: e48d59ea), publicada no DJe de 23/02/2026.;fato_processual;;;99;1;a Secretaria Judiciária do Supremo Tribunal Federal INTIMA a parte abaixo identificada, ou quem as suas vezes fizer, do inteiro teor do(a) despacho/decisão constante dos autos (ID da peça: e48d59ea), publicado no DJe de 23/02/2026;caso
2026-02-23;documento;assercao;Pet 15499;7509111;Os autos da e-Pet 15499, com procedência do Distrito Federal e órgão de origem o Supremo Tribunal Federal, foram autuados em 23/02/2026.;fato_processual;;;200;1;"Procedência: DISTRITO FEDERAL
Órgão de Origem: SUPREMO TRIBUNAL FEDERAL
N° Único ou N° de Origem: 01651382220261000000
Data de autuação: 23/02/2026 às 16:04:27";caso
2026-02-23;documento;assercao;Pet 15499;7509111;A distribuição tem como justificativa o art. 69, caput, do RISTF, e ocorreu em 23/02/2026.;fato_processual;;;200;2;"Justificativa: RISTF, art. 69, caput
DATA DE DISTRIBUIÇÃO: 23/02/2026 - 18:49:00";caso
2026-02-23;documento;assercao;Pet 15504;7509527;Os autos da e-Pet 15504 foram autuados em 23/02/2026, às 18:13:48.;fato_processual;;;213;1;Data de autuação: 23/02/2026 às 18:13:48;caso
2026-02-23;portal;andamento;Pet 15499;7509111;Distribuído por prevenção — MIN. ANDRÉ MENDONÇA. Prevenção do Relator/Sucessor: MIN. ANDRÉ MENDONÇA. Justificativa legal: RISTF, art. 69, caput. Processo que justifica: Inq 5026;;;;;;;caso
2026-02-23;portal;andamento;Pet 15499;7509111;Autuado;;;;;;;caso
2026-02-23;portal;andamento;Pet 15504;7509527;Distribuído por prevenção — MIN. ANDRÉ MENDONÇA. Prevenção do Relator/Sucessor: MIN. ANDRÉ MENDONÇA. Justificativa legal: RISTF, art. 69, caput. Processo que justifica: Inq 5026;;;;;;;caso
2026-02-23;portal;andamento;Pet 15504;7509527;Autuado;;;;;;;caso
2026-02-24;documento;assercao;Inq 5026;7473347;A Comissão de Assuntos Econômicos do Senado Federal requer autorização para a apresentação do investigado DANIEL BUENO VORCARO, a fim de prestar depoimento perante a Comissão no dia 24/02/2026, às 10h00, na sala da CAE, no Senado Federal, em Brasília/DF.;alegacao_parte;Comissão de Assuntos Econômicos do Senado Federal;;105;2;requer autorização para a apresentação do investigado DANIEL BUENO VORCARO, a fim de prestar depoimento perante à Comissão no dia 24/02/2026 às 10h00, na sala da CAE, junto ao Senado Federal, em Brasília/DF.;caso
2026-02-25;documento;assercao;Inq 5026;7473347;A Comissão informa que a convocação decorre da aprovação do Requerimento nº 163/2026, deliberado na 10ª reunião da Comissão, realizada em 25/02/2026.;alegacao_parte;Comissão Parlamentar de Inquérito do Crime Organizado;;94;2;informa-se que a convocação decorre da aprovação do Requerimento nº 163/2026, deliberado na 10ª reunião da Comissão, realizada em 25/02/2026;caso
2026-02-25;documento;assercao;Inq 5026;7473347;O relator passa à análise dos Ofícios 127/2026, nº 128/2026 e nº 129/2026 – CPICRIME, que resultam de requerimentos aprovados durante a 10ª reunião da Comissão, realizada em 25/02/2026, no Senado Federal.;fato_processual;;;94;3;passo à análise dos Ofícios 127/2026, nº 128/2026 e nº 129/2026 – CPICRIME que resultam de requerimentos aprovados durante a 10ª reunião da citada Comissão, realizada em 25/02/2026, no Senado Federal;caso
2026-02-26;documento;assercao;Inq 5026;7473347;O relator determinou a intimação e proferiu o despacho em 26 de fevereiro de 2026.;fato_processual;;;96;2;Intime-se. Brasília, 26 de fevereiro de 2026.;caso
2026-02-26;documento;assercao;Inq 5026;7473347;Paulo Humberto Barbosa requer a extensão dos efeitos da decisão proferida pelo Ministro Relator em 26/02/2026, de modo a afastar a obrigatoriedade de comparecimento, transmudando-a em facultatividade.;alegacao_parte;Paulo Humberto Barbosa;;97;3;a concessão do pedido de extensão dos efeitos da r. decisão proferida por esse e. Ministro Relator, em 26/02/2026, de modo a afastar a obrigatoriedade de comparecimento, transmudando-a em facultatividade, deixando a cargo do PETICIONÁRIO a decisão de comparecer, ou não;caso
2026-02-26;documento;assercao;Inq 5026;7473347;A decisão foi proferida em Brasília, em 26 de fevereiro de 2026, pelo Ministro André Mendonça, relator.;fato_processual;;;97;6;Brasília, 26 de fevereiro de 2026. Ministro ANDRÉMENDONÇA Relator;caso
2026-02-26;documento;assercao;Inq 5026;7473347;A decisão foi proferida em Brasília, em 26 de fevereiro de 2026.;fato_processual;;;98;3;Brasília, 26 de fevereiro de 2026.;caso
2026-02-26;documento;assercao;Inq 5026;7473347;A intimação foi recebida eletronicamente por ERIKA PALMEIRA DE SOUZA BARRETO em 26/02/2026.;fato_processual;;;99;1;A intimação foi recebida eletronicamente por ERIKA PALMEIRA DE SOUZA BARRETO, 00203577108, em 26/02/2026.;caso
2026-02-26;documento;assercao;Inq 5026;7473347;A intimação foi recebida eletronicamente por ERIKA PALMEIRA DE SOUZA BARRETO, em 26/02/2026.;fato_processual;;;100;1;A intimação foi recebida eletronicamente por ERIKA PALMEIRA DE SOUZA BARRETO, 00203577108, em 26/02/2026.;caso
2026-02-26;documento;assercao;Inq 5026;7473347;A intimação foi recebida eletronicamente por Erika Palmeira de Souza Barreto, em 26/02/2026.;fato_processual;;;101;1;"A intimação foi recebida eletronicamente por
ERIKA PALMEIRA DE SOUZA BARRETO,
00203577108, em 26/02/2026.";caso
2026-02-26;documento;assercao;Inq 5026;7473347;Houve vista à PGR para fins de intimação em 26/02/2026.;fato_processual;;;101;1;Vista à PGR para fins de intimação - 26/02/2026;caso
2026-02-26;documento;assercao;Inq 5026;7473347;A intimação foi recebida eletronicamente por Erika Palmeira de Souza Barreto, em 26/02/2026.;fato_processual;;;102;1;"A intimação foi recebida eletronicamente por
ERIKA PALMEIRA DE SOUZA BARRETO,
00203577108, em 26/02/2026.";caso
2026-02-26;documento;assercao;Inq 5026;7473347;Houve vista à PGR para fins de intimação em 26/02/2026.;fato_processual;;;102;1;Vista à PGR para fins de intimação - 26/02/2026;caso
2026-02-26;documento;assercao;Inq 5026;7473347;O despacho foi proferido em Brasília, em 26 de fevereiro de 2026, e assinado pelo Ministro André Mendonça, relator.;fato_processual;;;103;3;Brasília, 26 de fevereiro de 2026. Ministro ANDRÉMENDONÇA Relator;caso
2026-02-26;documento;assercao;Inq 5026;7473347;A decisão foi proferida em Brasília, em 26 de fevereiro de 2026, pelo relator, Ministro André Mendonça.;fato_processual;;;104;6;Brasília, 26 de fevereiro de 2026. Ministro ANDRÉMENDONÇA Relator;caso
2026-02-26;documento;assercao;Rcl 88121;7450195;A redistribuição é registrada em 26/02/2026, às 16h36.;fato_processual;;;217;1;DATA DE REDISTRIBUIÇÃO: 26/02/2026 - 16:36:00;caso
2026-02-26;documento;decisao;Inq 5026;7473347;extensão dos efeitos da decisão de 26/02/2026 para afastar a obrigatoriedade de comparecimento do peticionário à CPI do Crime Organizado, transmudando-a em facultatividade → deferiu o pleito para afastar a obrigatoriedade de comparecimento, transmudando-a em facultatividade, deixando a cargo do peticionário a decisão de comparecer ou não à CPI do Crime Organizado;;;deferido;97;5;;caso
2026-02-26;documento;decisao;Inq 5026;7473347;garantia, caso o peticionário opte por comparecer ao ato, dos direitos ao silêncio, à assistência por advogado, de não ser submetido ao compromisso de dizer a verdade e de não sofrer constrangimentos físicos ou morais → assegurou ao convocado, na hipótese de comparecimento, o direito ao silêncio, à assistência por advogado durante o ato, de não ser submetido ao compromisso de dizer a verdade ou subscrever termos com esse conteúdo e de não sofrer constrangimentos físicos ou morais;;;deferido;97;6;;caso
2026-02-26;documento;decisao;Inq 5026;7473347;comunicação da decisão, com cópia integral, à Presidência da CPI do Crime Organizado e às defesas constituídas → determinou a comunicação, com a máxima urgência e remessa de cópia integral da decisão, à Presidência da CPI do Crime Organizado e às defesas constituídas;;;determinado_de_oficio;97;6;;caso
2026-02-26;documento;decisao;Inq 5026;7473347;ciência à Procuradoria-Geral da República e publicidade da decisão → determinou que, cumpridas as determinações, seja dada ciência à Procuradoria-Geral da República e publicidade à decisão;;;determinado_de_oficio;97;6;;caso
2026-02-26;documento;decisao;Inq 5026;7473347;autorização para apresentação do investigado DANIEL BUENO VORCARO para prestar depoimento perante a Comissão de Assuntos Econômicos do Senado Federal em 10/03/2026, às 11h00 (Petição nº 20235/2026) → determinou a extensão de todos os efeitos do provimento judicial de 19 de fevereiro de 2026 (e-Doc 323) à convocação do investigado para a sessão da CAE de 10/03/2026, ficando qualquer transferência condicionada à prévia manifestação expressa do investigado quanto à opção positiva pelo comparecimento;;;outro;98;3;;caso
2026-02-26;documento;decisao;Inq 5026;7473347;comunicação da decisão à Presidência da CAE do Senado Federal, às defesas constituídas e à Polícia Federal → determinou a comunicação, com urgência e remessa de cópia integral desta decisão e da contida no e-Doc. 323, à Presidência da CAE, às defesas constituídas e à Polícia Federal;;;determinado_de_oficio;98;3;;caso
2026-02-26;documento;decisao;Inq 5026;7473347;fixação pela Polícia Federal das condições logísticas do transporte e do retorno do investigado ao local de custódia → reiterou a determinação para que a Polícia Federal fixe as condições logísticas do transporte e do retorno ao local de custódia, em aeronave da própria instituição ou comercial de carreira, com escolta, vedado o deslocamento em aeronave particular;;;determinado_de_oficio;98;3;;caso
2026-02-26;documento;decisao;Inq 5026;7473347;decisão sobre como proceder com relação ao encaminhamento de Relatórios de Inteligência Financeira (RIFs) produzidos em decorrência dos fatos investigados no caso Banco Master → decidiu que o procedimento para difusão de relatórios de inteligência financeira, requeridos ou produzidos espontaneamente, deve ser o mesmo ordinariamente adotado pela Unidade de Inteligência Financeira para casos semelhantes, tanto para os RIFs já compartilhados quanto para os futuros;;;outro;103;3;;caso
2026-02-26;documento;decisao;Inq 5026;7473347;ciência ao COAF da decisão e publicação → determinou ciência ao COAF da decisão e sua publicação;;;determinado_de_oficio;103;3;;caso
2026-02-26;documento;decisao;Inq 5026;7473347;"recebimento da petição como tutela incidental de urgência ou habeas corpus preventivo, com expedição de salvo-conduto para que os requerentes não sejam obrigados a comparecer à oitiva designada pela CPI do Crime Organizado, sem que o não comparecimento enseje responsabilização ou presunção desfavorável → deferiu o pleito para afastar a obrigatoriedade de comparecimento, transmudando-a em facultatividade, deixando a cargo dos requerentes a decisão de comparecer ou não à CPI do Crime Organizado; a decisão serve como salvo-conduto";;;deferido;104;5;;caso
2026-02-26;documento;decisao;Inq 5026;7473347;garantia, caso os requerentes optem por comparecer ao ato, dos direitos ao silêncio, à assistência por advogado, de não serem submetidos ao compromisso de dizer a verdade e de não sofrerem constrangimentos físicos ou morais → assegurou aos convocados, na hipótese de comparecimento, o direito ao silêncio, à assistência por advogado durante o ato, de não serem submetidos ao compromisso de dizer a verdade ou subscrever termos com esse conteúdo e de não sofrerem constrangimentos físicos ou morais;;;deferido;104;5;;caso
2026-02-26;documento;decisao;Inq 5026;7473347;comunicação da decisão, com cópia integral, à Presidência da CPI do Crime Organizado e às defesas constituídas → determinou a comunicação, com a máxima urgência e remessa de cópia integral da decisão, à Presidência da CPI do Crime Organizado e às defesas constituídas;;;determinado_de_oficio;104;6;;caso
2026-02-26;documento;decisao;Inq 5026;7473347;ciência à Procuradoria-Geral da República e publicidade da decisão → determinou que, cumpridas as determinações, seja dada ciência à Procuradoria-Geral da República e publicidade à decisão;;;determinado_de_oficio;104;6;;caso
2026-02-26;portal;andamento;Inq 5026;7473347;Despacho;;;;;;;caso
2026-02-26;portal;andamento;Inq 5026;7473347;Despacho;;;;;;;caso
2026-02-26;portal;andamento;Inq 5026;7473347;"Deferido — ""(...) 9. Ante o exposto, estando patente a objeção da defesa dos requerentes José Eugênio Dias Toffoli e José Carlos Dias Toffoli, defiro o pleito formulado na Petição nº 20501/2026 (e-Doc. 355), para afastar a obrigatoriedade de comparecimento, transmudando-a em facultatividade, deixando a cargo dos requerentes a decisão de comparecer, ou não, à “CPI do Crime Organizado”. (...).""";;;;;;;caso
2026-02-26;portal;andamento;Rcl 88121;7450195;Redistribuído — MIN. ANDRÉ MENDONÇA. Prevenção do Relator/Sucessor: MIN. ANDRÉ MENDONÇA. Justificativa legal: RISTF, art. 69, caput. Processo que justifica: Inq 5026;;;;;;;caso
2026-02-26;portal;andamento;Rcl 88121;7450195;Despacho;;;;;;;caso
2026-02-27;documento;assercao;Pet 15556;7514886;Os autos da Pet 15556 foram autuados em 27/02/2026 às 16:32:19, com assunto Direito Processual Penal, Prisão Preventiva.;fato_processual;;;57;1;Data de autuação: 27/02/2026 às 16:32:19 Outros Dados: Folhas: Não informado. Volumes: Não informado. Apensos: Não informado. Assunto: DIREITO PROCESSUAL PENAL | Prisão Preventiva;caso
2026-02-27;documento;assercao;Inq 5026;7473347;"É registrado nos autos o andamento ""Vista à PGR para fins de intimação"", datado de 27/02/2026.";fato_processual;;;91;1;Vista à PGR para fins de intimação - 27/02/2026;caso
2026-02-27;documento;assercao;Inq 5026;7473347;"Consta o andamento ""Vista à PGR para fins de intimação"", registrado em 27/02/2026.";fato_processual;;;92;1;Vista à PGR para fins de intimação - 27/02/2026;caso
2026-02-27;documento;assercao;Pet 15198;7473336;Houve vista à PGR para fins de intimação em 27/02/2026.;fato_processual;;;167;1;Vista à PGR para fins de intimação - 27/02/2026;caso
2026-02-27;documento;assercao;Pet 15198;7473336;A decisão foi proferida em Brasília, em 27 de fevereiro de 2026, pelo Ministro André Mendonça, relator.;fato_processual;;;169;7;Brasília, 27 de fevereiro de 2026. Ministro ANDRÉMENDONÇA Relator;caso
2026-02-27;documento;decisao;Pet 15198;7473336;autorização e salvo-conduto para que Fabiano Campos Zettel não compareça aos atos convocatórios da CPI do Crime Organizado (Requerimentos n. 167/2026 e 187/2026), afastando-se a compulsoriedade de comparecimento → deferiu o pleito para afastar a obrigatoriedade de comparecimento à CPI do Crime Organizado, transmudando-a em facultatividade, servindo a decisão como salvo-conduto;;;deferido;169;7;;caso
2026-02-27;portal;andamento;Pet 15556;7514886;Despacho — Em 27/02/2026;;;;;;;caso
2026-02-27;portal;andamento;Pet 15556;7514886;Distribuído por prevenção — MIN. ANDRÉ MENDONÇA. Prevenção do Relator/Sucessor: MIN. ANDRÉ MENDONÇA. Justificativa legal: RISTF, art. 69, caput. Processo que justifica: Inq 5026. Processos relacionados: Inq 5035, Pet 15198, Pet 15499, Pet 15504;;;;;;;caso
2026-02-27;portal;andamento;Pet 15556;7514886;Autuado;;;;;;;caso
2026-02-27;portal;andamento;Inq 5026;7473347;Despacho — 26/02/2026;;;;;;;caso
2026-02-27;portal;andamento;Inq 5026;7473347;Deferido;;;;;;;caso
2026-02-27;portal;andamento;Inq 5026;7473347;Deferido;;;;;;;caso
2026-02-27;portal;andamento;Pet 15198;7473336;Deferido;;;;;;;caso
2026-02-27;portal;andamento;Rcl 88121;7450195;Despacho;;;;;;;caso
2026-03-02;documento;assercao;Pet 15556;7514886;O prazo para manifestação do MPF escoou in albis em 02/03/2026, às 20h27, conforme certidão do e.Doc. 15.;fato_processual;;;55;2;o prazo escoou in albis no dia de ontem, 02/03/2026, às 20h27, conforme certidão contida no e.Doc. 15;caso
2026-03-02;documento;assercao;Inq 5026;7473347;Houve vista à PGR para fins de intimação em 02/03/2026.;fato_processual;;;88;1;Vista à PGR para fins de intimação - 02/03/2026;caso
2026-03-02;documento;assercao;Inq 5026;7473347;A Secretaria Judiciária do Supremo Tribunal Federal intima o Procurador-Geral da República do inteiro teor da decisão monocrática constante dos autos (ID da peça 83557da8), publicada no DJe de 02/03/2026.;fato_processual;;;92;1;De ordem, a Secretaria Judiciária do Supremo Tribunal Federal INTIMA a parte abaixo identificada, ou quem as suas vezes fizer, do inteiro teor do(a) despacho/decisão constante dos autos (ID da peça: 83557da8), publicado no DJe de 02/03/2026;caso
2026-03-02;documento;assercao;Inq 5026;7473347;A decisão foi assinada em Brasília, em 2 de março de 2026, pelo Ministro André Mendonça, relator.;fato_processual;;;95;17;Brasília, 2 de março de 2026. Ministro ANDRÉMENDONÇA Relator;caso
2026-03-02;documento;assercao;Pet 15198;7473336;Em 02/03/2026, nos autos do HC nº 269.005/DF, o Ministro Flávio Dino proferiu decisão deferindo parcialmente a liminar para assegurar ao paciente o direito ao silêncio quanto a perguntas potencialmente incriminatórias, a dispensa de compromisso de dizer a verdade, a assistência plena por advogado e a vedação de constrangimentos físicos ou morais.;fato_processual;;;166;4;no dia 02/03/2026, nos autos do HC nº 269.005/DF, Sua Excelência proferiu decisão deferindo parcialmente a liminar para assegurar ao paciente o direito ao silêncio quanto a perguntas potencialmente incriminatórias, a dispensa de compromisso de dizer a verdade, a assistência plena por advogado;caso
2026-03-02;documento;assercao;Pet 15198;7473336;A Secretaria Judiciária do Supremo Tribunal Federal intima o Procurador-Geral da República do inteiro teor da decisão monocrática constante dos autos (peça ID: 3f478e99), publicada no DJe de 02/03/2026.;fato_processual;;;167;1;"De ordem, a Secretaria Judiciária do Supremo Tribunal Federal INTIMA a parte abaixo identificada, ou quem as suas vezes fizer, do inteiro teor do(a) despacho/decisão constante dos autos (ID da peça: 3f478e99), publicado no DJe de
02/03/2026";caso
2026-03-02;documento;assercao;Pet 15198;7473336;A intimação é recebida automaticamente pelo sistema, em 02/03/2026, nos termos do art. 5º, §3, da Lei 11.419/2006.;fato_processual;;;168;1;A intimação foi recebida automaticamente pelo sistema, em 02/03/2026, nos termos do art. 5º, §3 da Lei 11.419/2006.;caso
2026-03-02;documento;assercao;Pet 15556;7514886;O prazo de vista ao MPF escoou in albis em 02/03/2026, às 20h27, conforme certidão contida no e-Doc. 15.;fato_processual;;;225;3;o prazo escoou in albis em 02/03/2026, às 20h27, conforme certidão contida no e-Doc. 15;caso
2026-03-02;documento;decisao;Inq 5026;7473347;garantia do direito de não comparecer à sessão da CPI do Crime Organizado designada para sua oitiva (Petição nº 22049/2026) → acolheu parcialmente o pedido, para convolar o requerimento de convocação em convite;;;parcialmente_deferido;95;17;;caso
2026-03-02;documento;decisao;Inq 5026;7473347;subsidiariamente, convolação do requerimento de convocação em convite, nos termos realizados em relação ao atual presidente do Banco Central do Brasil → acolheu o pedido subsidiário para convolar o requerimento de convocação em convite, nos exatos termos realizados em relação ao atual presidente do Banco Central do Brasil;;;deferido;95;16;;caso
2026-03-02;documento;decisao;Inq 5026;7473347;garantia expressa de direitos ao requerente caso venha a comparecer à audiência designada, na qualidade de convidado ou convocado → acolheu o pedido para garantir ao requerente, caso compareça na qualidade de convidado, o direito ao silêncio quanto a perguntas com risco de autoincriminação, a assistência de advogado e a vedação de medida coercitiva ou constrangimento;;;deferido;95;17;;caso
2026-03-02;documento;decisao;Inq 5026;7473347;comunicação da decisão à Presidência da CPI do Crime Organizado e às defesas constituídas → determinou a comunicação, com urgência e remessa de cópia integral da decisão, à Presidência da CPI do Crime Organizado e às defesas constituídas;;;determinado_de_oficio;95;17;;caso
2026-03-02;portal;andamento;Inq 5026;7473347;Deferido em parte;;;;;;;caso
2026-03-02;portal;andamento;Rcl 88121;7450195;Despacho;;;;;;;caso
2026-03-02;portal;andamento;Rcl 88121;7450195;Retorno ao trâmite;;;;;;;caso
2026-03-03;documento;assercao;Pet 15556;7514886;A decisão é datada de Brasília, 3 de março de 2026.;fato_processual;;;55;47;Brasília, 3 de março de 2026.;caso
2026-03-03;documento;assercao;Inq 5026;7473347;A decisão foi proferida em Brasília, em 3 de março de 2026, pelo Ministro André Mendonça, com determinação de publicação.;fato_processual;;;94;7;Publique-se. Brasília, 3 de março de 2026. Ministro ANDRÉMENDONÇA Relator;caso
2026-03-03;documento;assercao;Pet 15198;7473336;João Carlos Falbo Mansur requereu, em caráter de urgência, que fosse assegurada a faculdade de seu comparecimento à sessão da CPI do Crime Organizado designada para 03/03/2026.;alegacao_parte;João Carlos Falbo Mansur;;166;4;João Carlos Falbo Mansur requereu, em caráter de urgência, fosse assegurada a faculdade de seu comparecimento à sessão da CPI do Crime Organizado designada para 03/03/2026.;caso
2026-03-03;documento;decisao;Pet 15556;7514886;dilação do prazo para que as providências aguardem a manifestação da Procuradoria-Geral da República sobre os pedidos cautelares → indeferiu o pedido de dilação formulado pela Procuradoria-Geral da República;;;indeferido;55;3;;caso
2026-03-03;documento;decisao;Pet 15556;7514886;prisão preventiva de Daniel Bueno Vorcaro → decretou a prisão preventiva de Daniel Bueno Vorcaro, com fundamento nos artigos 282, 311 e 312 do Código de Processo Penal;;;deferido;55;40;;caso
2026-03-03;documento;decisao;Pet 15556;7514886;prisão preventiva de Fabiano Campos Zettel → decretou a prisão preventiva de Fabiano Campos Zettel, com fundamento nos artigos 282, 311 e 312 do Código de Processo Penal;;;deferido;55;40;;caso
2026-03-03;documento;decisao;Pet 15556;7514886;prisão preventiva de Luiz Phillipi Machado de Moraes Mourão → decretou a prisão preventiva de Luiz Phillipi Machado de Moraes Mourão, com fundamento nos artigos 282, 311 e 312 do Código de Processo Penal;;;deferido;55;40;;caso
2026-03-03;documento;decisao;Pet 15556;7514886;prisão preventiva de Marilson Roseno da Silva → decretou a prisão preventiva de Marilson Roseno da Silva, com fundamento nos artigos 282, 311 e 312 do Código de Processo Penal;;;deferido;55;40;;caso
2026-03-03;documento;decisao;Pet 15556;7514886;medidas cautelares diversas da prisão em relação a Paulo Sérgio Neves de Souza, incluindo suspensão do exercício de função pública → decretou medidas cautelares diversas da prisão em relação a Paulo Sérgio Neves de Souza: proibição de contato com testemunhas e investigados, proibição de acesso às dependências do Banco Central, proibição de ausentar-se do município e do País com entrega do passaporte, suspensão do exercício de função pública e monitoração eletrônica;;;deferido;55;40;;caso
2026-03-03;documento;decisao;Pet 15556;7514886;medidas cautelares diversas da prisão em relação a Belline Santana, incluindo suspensão do exercício de função pública → decretou medidas cautelares diversas da prisão em relação a Belline Santana: proibição de contato com testemunhas e investigados, proibição de acesso às dependências do Banco Central, proibição de ausentar-se do município e do País com entrega do passaporte, suspensão do exercício de função pública e monitoração eletrônica;;;deferido;55;41;;caso
2026-03-03;documento;decisao;Pet 15556;7514886;medidas cautelares diversas da prisão em relação a Leonardo Augusto Furtado Palhares → decretou medidas cautelares diversas da prisão em relação a Leonardo Augusto Furtado Palhares: proibição de contato com testemunhas e investigados, proibição de ausentar-se do município e do País com entrega do passaporte e monitoração eletrônica;;;deferido;55;41;;caso
2026-03-03;documento;decisao;Pet 15556;7514886;medidas cautelares diversas da prisão em relação a Ana Claudia Queiroz de Paiva → decretou medidas cautelares diversas da prisão em relação a Ana Claudia Queiroz de Paiva: proibição de contato com testemunhas e investigados, proibição de ausentar-se do município e do País com entrega do passaporte e monitoração eletrônica;;;deferido;55;41;;caso
2026-03-03;documento;decisao;Pet 15556;7514886;suspensão das atividades de Varajo Consultoria Empresarial Sociedade Unipessoal Ltda → deferiu a suspensão, por tempo indeterminado, das atividades de Varajo Consultoria Empresarial Sociedade Unipessoal Ltda, com alicerce no art. 319, VI, do CPP;;;deferido;55;42;;caso
2026-03-03;documento;decisao;Pet 15556;7514886;suspensão das atividades de Moriah Asset Empreendimentos e Participações Ltda → deferiu a suspensão, por tempo indeterminado, das atividades de Moriah Asset Empreendimentos e Participações Ltda, com alicerce no art. 319, VI, do CPP;;;deferido;55;42;;caso
2026-03-03;documento;decisao;Pet 15556;7514886;suspensão das atividades de Super Empreendimentos e Participações S.A. → deferiu a suspensão, por tempo indeterminado, das atividades de Super Empreendimentos e Participações S.A., com alicerce no art. 319, VI, do CPP;;;deferido;55;42;;caso
2026-03-03;documento;decisao;Pet 15556;7514886;suspensão das atividades de King Participações Imobiliárias Ltda → deferiu a suspensão, por tempo indeterminado, das atividades de King Participações Imobiliárias Ltda, com alicerce no art. 319, VI, do CPP;;;deferido;55;42;;caso
2026-03-03;documento;decisao;Pet 15556;7514886;suspensão das atividades de King Motors Locação de Veículos e Participações Ltda → deferiu a suspensão, por tempo indeterminado, das atividades de King Motors Locação de Veículos e Participações Ltda, com alicerce no art. 319, VI, do CPP;;;deferido;55;42;;caso
2026-03-03;documento;decisao;Pet 15556;7514886;expedição de ofício à Polícia Penal e/ou Tribunal competentes pela monitoração eletrônica dos quatro investigados submetidos à medida → determinou a expedição urgente de ofício à Polícia Penal e/ou Tribunal competentes pela monitoração eletrônica, com cópia da decisão, que terá força de Mandado de Monitoração Eletrônica;;;determinado_de_oficio;55;44;;caso
2026-03-03;documento;decisao;Pet 15556;7514886;expedição dos mandados de prisão e de ofícios às Juntas Comerciais, à Receita Federal do Brasil e ao Banco Central do Brasil, com encaminhamento à CINQ/CGRC/DICOR/PF → determinou a expedição urgente dos mandados, de ofícios às Juntas Comerciais e à Receita Federal do Brasil sobre a suspensão das atividades das cinco entidades, e de ofício ao Banco Central do Brasil com cópia da decisão;;;determinado_de_oficio;55;46;;caso
2026-03-03;documento;decisao;Pet 15556;7514886;compartilhamento com o Banco Central do Brasil dos elementos informativos levantados nos autos em desfavor de Paulo Sérgio Neves de Souza e de Belline Santana, para apuração disciplinar → autorizou, após a certificação do cumprimento das medidas deferidas, o compartilhamento com o BACEN dos elementos informativos relativos a Paulo Sérgio Neves de Souza e Belline Santana para apuração disciplinar;;;determinado_de_oficio;55;46;;caso
2026-03-03;documento;decisao;Pet 15556;7514886;vista temporária dos autos aos advogados habilitados que, na qualidade de defensores dos investigados, vierem a formular tal requerimento → deferiu, após o efetivo cumprimento das medidas, a concessão de vista temporária aos advogados habilitados no sistema que vierem a requerê-la como defensores dos investigados;;;deferido;55;47;;caso
2026-03-03;documento;decisao;Pet 15556;7514886;"ciência à autoridade policial e à Procuradoria-Geral da República, publicidade da decisão e inclusão do feito na pauta da Sessão de Julgamento Virtual da Segunda Turma para referendo → determinou ciência à autoridade policial e, após as expedições dos mandados, à Procuradoria-Geral da República; publicidade da decisão após o cumprimento das medidas; e inclusão do feito na próxima pauta da Sessão de Julgamento Virtual da Segunda Turma para apreciação do referendo";;;determinado_de_oficio;55;47;;caso
2026-03-03;documento;decisao;Inq 5026;7473347;garantia do direito de não comparecer às sessões da CPI do Crime Organizado, inclusive a designada para 04 de março de 2026 (Petição nº 23612/2026, e-Docs. 434) → deferiu o pleito para afastar a obrigatoriedade de comparecimento, transmudando-a em facultatividade, deixando a cargo do peticionário a decisão de comparecer ou não à CPI do Crime Organizado;;;deferido;94;5;;caso
2026-03-03;documento;decisao;Inq 5026;7473347;"determinação da compulsoriedade do comparecimento do depoente Daniel Bueno Vorcaro na data designada (Petição nº 23955/2026, e-Doc. 446) → afastou a obrigatoriedade de comparecimento, transmudando-a em facultatividade; o documento não usa a expressão indefiro quanto a este pedido";;;outro;94;5;;caso
2026-03-03;documento;decisao;Inq 5026;7473347;atribuição da custódia do convocado à Polícia Legislativa do Senado Federal durante o depoimento (Petição nº 23955/2026, e-Doc. 446) → determinou que, na hipótese de comparecimento, a custódia do depoente dentro das dependências do Congresso Nacional fique a cargo da Polícia Legislativa do Senado Federal, conforme requerido;;;deferido;94;6;;caso
2026-03-03;documento;decisao;Inq 5026;7473347;comunicação da decisão, com remessa de cópia integral, à Presidência da CPICRIME, às defesas constituídas e à Polícia Federal → determinou a comunicação, com a máxima urgência e com remessa de cópia integral da decisão, à Presidência da CPICRIME, às defesas constituídas e à Polícia Federal, para as providências necessárias ao eventual deslocamento do investigado ao Senado Federal;;;determinado_de_oficio;94;6;;caso
2026-03-03;documento;decisao;Inq 5026;7473347;ciência da decisão à Procuradoria-Geral da República → determinou que, cumpridas as determinações, seja dada ciência à Procuradoria-Geral da República;;;determinado_de_oficio;94;6;;caso
2026-03-03;documento;decisao;Inq 5026;7473347;intimações e adoção das providências determinadas, em regime de absoluta urgência → determinou as intimações e a adoção das providências determinadas, com a máxima brevidade, em regime de absoluta urgência;;;determinado_de_oficio;94;6;;caso
2026-03-03;documento;decisao;Inq 5026;7473347;publicação da decisão → determinou a publicação da decisão;;;determinado_de_oficio;94;7;;caso
2026-03-03;portal;andamento;Pet 15556;7514886;Decisão (sigiloso) — 03/03/2026;;;;;;;caso
2026-03-03;portal;andamento;Inq 5026;7473347;Deferido — Sem Descrição;;;;;;;caso
2026-03-03;portal;andamento;Inq 5026;7473347;Decisão (sigiloso) — 03/03/2026;;;;;;;caso
2026-03-04;documento;assercao;Pet 15556;7514886;Consta como andamento a vista à PGR para fins de intimação, em 04/03/2026.;fato_processual;;;49;1;- Vista à PGR para fins de intimação - 04/03/2026;caso
2026-03-04;documento;assercao;Pet 15556;7514886;Houve vista à PGR para fins de intimação em 04/03/2026.;fato_processual;;;50;1;Vista à PGR para fins de intimação - 04/03/2026;caso
2026-03-04;documento;assercao;Pet 15556;7514886;Consta como andamento do processo a vista à PGR para fins de intimação em 04/03/2026.;fato_processual;;;51;1;Vista à PGR para fins de intimação - 04/03/2026;caso
2026-03-04;documento;assercao;Pet 15556;7514886;O relator determinou a publicação da decisão, proferida em Brasília em 4 de março de 2026 e assinada pelo Ministro André Mendonça.;fato_processual;;;53;3;6. Publique-se. Brasília, 4 de março de 2026. Ministro ANDRÉMENDONÇA Relator;caso
2026-03-04;documento;assercao;Pet 15556;7514886;A decisão foi proferida em Brasília, em 4 de março de 2026, pelo Ministro André Mendonça, relator.;fato_processual;;;54;3;Brasília, 4 de março de 2026. Ministro ANDRÉMENDONÇA Relator;caso
2026-03-04;documento;assercao;Inq 5026;7473347;A Secretaria Judiciária do Supremo Tribunal Federal intima o Procurador-Geral da República do inteiro teor do despacho/decisão constante dos autos (ID da peça b114fcc8), publicado no DJe de 04/03/2026.;fato_processual;;;87;1;a Secretaria Judiciária do Supremo Tribunal Federal INTIMA a parte abaixo identificada, ou quem as suas vezes fizer, do inteiro teor do(a) despacho/decisão constante dos autos (ID da peça: b114fcc8), publicado no DJe de 04/03/2026;caso
2026-03-04;documento;assercao;Inq 5026;7473347;A Comissão Parlamentar de Inquérito do Crime Organizado apresentou a Petição nº 23955/2026 (e-Doc. 446), requerendo autorização para a apresentação do investigado DANIEL BUENO VORCARO para prestar depoimento perante a Comissão no dia 4 de março de 2026, às 9h00.;fato_processual;;;94;2;Trata-se da Petição nº 23955/2026 (e-Doc. 446), apresentada pela Comissão Parlamentar de Inquérito do Crime Organizado, por meio da qual se requer autorização para a apresentação do investigado DANIEL BUENO VORCARO, a fim de prestar depoimento perante à Comissão no dia 4 de março de 2026, às 9h00;caso
2026-03-04;documento;assercao;Inq 5026;7473347;O depoimento requerido pela Comissão seria prestado no Plenário 19 da Ala Alexandre Costa, situada no Anexo II do Senado Federal.;fato_processual;;;94;2;no dia 4 de março de 2026, às 9h00, no Plenário 19 da Ala Alexandre Costa, situada no Anexo II do Senado Federal;caso
2026-03-04;documento;assercao;Pet 15612;7522443;Em 04/03/2026, a Polícia Federal apresentou o Ofício nº 32V/2026 - CINQ/CGRC/DICOR/PF sobre a etapa de seleção e entrega de material à comissão parlamentar.;fato_processual;;;215;3;no dia 04/03/2026, através do Ofício nº 32V/2026 - CINQ/CGRC/DICOR/PF, a Polícia Federal informa a conclusão “da etapa de seleção e entrega do material pertinente à referida comissão parlamentar”;caso
2026-03-04;documento;decisao;Pet 15556;7514886;aplicação dos itens 114 e 115 da decisão contida no e-Doc. 16 (audiência de custódia) ao crime objeto da comunicação de prisão em flagrante do investigado Luiz Phillipi Machado de Moraes Mourão (e.Doc. 51) → determinou a aplicação dos itens 114 e 115 da decisão contida no e-Doc. 16 também em relação ao novo crime ensejador do flagrante;;;determinado_de_oficio;53;1;;caso
2026-03-04;documento;decisao;Pet 15556;7514886;conclusão dos autos, após a audiência de custódia, para decisão sobre a eventual conversão do flagrante em prisão preventiva → determinou que, após a audiência de custódia, os autos voltem imediatamente conclusos para decisão sobre a eventual conversão do flagrante em prisão preventiva;;;determinado_de_oficio;53;2;;caso
2026-03-04;documento;decisao;Pet 15556;7514886;expedição de ofício ao Juízo que efetuará a audiência de custódia do investigado Luiz Phillipi Machado de Moraes Mourão → determinou que se oficie, com urgência, ao Juízo que efetuará a audiência de custódia, para ciência da decisão, podendo a própria decisão servir como ofício;;;determinado_de_oficio;53;2;;caso
2026-03-04;documento;decisao;Pet 15556;7514886;ciência ao Ministério Público Federal → determinou que, após, seja dada ciência ao MPF;;;determinado_de_oficio;53;2;;caso
2026-03-04;documento;decisao;Pet 15556;7514886;publicação da decisão → determinou a publicação da decisão;;;determinado_de_oficio;53;3;;caso
2026-03-04;documento;decisao;Pet 15556;7514886;autorização para que, após a conclusão dos atos cartorários, os custodiados presos preventivamente sejam conduzidos diretamente ao sistema penitenciário estadual, à disposição do Supremo Tribunal Federal → deferiu o pedido e autorizou que, após a conclusão dos atos cartorários, os custodiados sejam conduzidos ao sistema penitenciário estadual, onde permanecerão à disposição do Supremo Tribunal Federal;;;deferido;54;3;;caso
2026-03-04;documento;decisao;Pet 15556;7514886;comunicação da decisão à autoridade policial responsável pelo cumprimento e às autoridades administrativas competentes → determinou a comunicação urgente à autoridade policial responsável pelo cumprimento e às autoridades administrativas competentes para a execução;;;determinado_de_oficio;54;3;;caso
2026-03-04;portal;andamento;Pet 15556;7514886;Decisão publicada, DJE — 04/03/2026;;;;;;;caso
2026-03-04;portal;andamento;Pet 15556;7514886;Inclua-se em pauta - minuta extraída — Julgamento Virtual: Pet-Ref Incluído na lista 138-2026.ALM - Agendado para: 13/03/2026 11:00 a 20/03/2026 23:59.;;;;;;;caso
2026-03-04;portal;andamento;Pet 15556;7514886;"Deferido — ""(...) DEFIRO o pedido formulado pela Polícia Federal para autorizar que, após a conclusão dos atos cartorários relativos ao cumprimento das prisões, os custodiados sejam, como ordinariamente se tem feito, conduzidos ao sistema penitenciário estadual, onde permanecerão à disposição deste Supremo Tribunal Federal, cabendo ao respectivo sistema prisional prover a estrutura necessária à custódia e às escoltas para audiências (presenciais ou por videoconferência), atendimentos médicos e demais deslocamentos necessários. 10. Comunique-se, com urgência, à autoridade policial responsável pelo cumprimento e às autoridades administrativas competentes para a execução. 11. Publique-se. Brasília, 4 de março de 2026.""";;;;;;;caso
2026-03-04;portal;andamento;Pet 15556;7514886;Despacho — 04/03/2026;;;;;;;caso
2026-03-04;portal;andamento;Pet 15556;7514886;"Determinada a diligência — ""(...) 106. Ante o exposto, com fundamento nos artigos 282, 311 e 312 do Código de Processo Penal e com alicerce em toda fundamentação acima, para garantia da ordem pública, por conveniência da instrução e para assegurar a futura aplicação da lei penal, acolhendo o pedido da Polícia Federal, DECRETO A PRISÃO PREVENTIVA DOS INVESTIGADOS: (i) DANIEL BUENO VORCARO; (ii) FABIANO CAMPOS ZETTEL; (iii) LUIZ PHILLIPI MACHADO DE MORAES MOURÃO; (iv) MARILSON ROSENO DA SILVA. 107. DECRETO, também, na linha do que pleiteado pela Polícia Federal, as seguintes medidas judiciais diversas da prisão em relação aos seguintes investigados: (...).""";;;;;;;caso
2026-03-04;portal;andamento;Rcl 88121;7450195;Despacho;;;;;;;caso
2026-03-05;documento;assercao;Pet 15556;7514886;Consta como andamento a vista à PGR para fins de intimação, em 05/03/2026.;fato_processual;;;44;1;- Vista à PGR para fins de intimação - 05/03/2026;caso
2026-03-05;documento;assercao;Pet 15556;7514886;A decisão foi proferida em Brasília, em 5 de março de 2026, pelo relator, Ministro André Mendonça, com determinação de publicação.;fato_processual;;;47;5;Publique-se. Brasília, 5 de março de 2026. Ministro ANDRÉMENDONÇA Relator;caso
2026-03-05;documento;assercao;Pet 15556;7514886;A intimação foi recebida eletronicamente por Erika Palmeira de Souza Barreto, CPF 00203577108, em 05/03/2026.;fato_processual;;;48;1;A intimação foi recebida eletronicamente por ERIKA PALMEIRA DE SOUZA BARRETO, 00203577108, em 05/03/2026.;caso
2026-03-05;documento;assercao;Pet 15556;7514886;"Consta o andamento ""Vista à PGR para fins de intimação"", registrado em 05/03/2026.";fato_processual;;;48;1;Vista à PGR para fins de intimação - 05/03/2026;caso
2026-03-05;documento;assercao;Pet 15556;7514886;A Secretaria Judiciária intimou o Procurador-Geral da República do inteiro teor da decisão monocrática constante dos autos (peça ID 487e0fbb), publicada no DJe de 05/03/2026, em 05 de março de 2026.;fato_processual;;;49;1;De ordem, a Secretaria Judiciária do Supremo Tribunal Federal INTIMA a parte abaixo identificada, ou quem as suas vezes fizer, do inteiro teor do(a) despacho/decisão constante dos autos (ID da peça: 487e0fbb), publicado no DJe de 05/03/2026;caso
2026-03-05;documento;assercao;Pet 15556;7514886;A intimação foi recebida eletronicamente por ERIKA PALMEIRA DE SOUZA BARRETO, em 05/03/2026.;fato_processual;;;49;1;A intimação foi recebida eletronicamente por ERIKA PALMEIRA DE SOUZA BARRETO, 00203577108, em 05/03/2026.;caso
2026-03-05;documento;assercao;Pet 15556;7514886;A Secretaria Judiciária do Supremo Tribunal Federal intima o Procurador-Geral da República do inteiro teor da decisão monocrática constante dos autos (peça ID: ba32c078), publicada no DJe de 05/03/2026.;fato_processual;;;50;1;De ordem, a Secretaria Judiciária do Supremo Tribunal Federal INTIMA a parte abaixo identificada, ou quem as suas vezes fizer, do inteiro teor do(a) despacho/decisão constante dos autos (ID da peça: ba32c078), publicado no DJe de 05/03/2026;caso
2026-03-05;documento;assercao;Pet 15556;7514886;A intimação foi recebida eletronicamente por Erika Palmeira de Souza Barreto, em 05/03/2026.;fato_processual;;;50;1;"A intimação foi recebida eletronicamente por
ERIKA PALMEIRA DE SOUZA BARRETO,
00203577108, em 05/03/2026.";caso
2026-03-05;documento;assercao;Pet 15556;7514886;A Secretaria Judiciária do Supremo Tribunal Federal intima o Procurador-Geral da República do inteiro teor do despacho/decisão constante dos autos (ID da peça 6dcf6fc7), publicado no DJe de 05/03/2026.;fato_processual;;;51;1;a Secretaria Judiciária do Supremo Tribunal Federal INTIMA a parte abaixo identificada, ou quem as suas vezes fizer, do inteiro teor do(a) despacho/decisão constante dos autos (ID da peça: 6dcf6fc7), publicado no DJe de 05/03/2026;caso
2026-03-05;documento;assercao;Pet 15556;7514886;A intimação foi recebida eletronicamente por Erika Palmeira de Souza Barreto em 05/03/2026.;fato_processual;;;51;1;A intimação foi recebida eletronicamente por ERIKA PALMEIRA DE SOUZA BARRETO, 00203577108, em 05/03/2026.;caso
2026-03-05;documento;assercao;Inq 5026;7473347;"Consta o andamento ""Vista à PGR para fins de intimação"", registrado em 05/03/2026.";fato_processual;;;86;1;Vista à PGR para fins de intimação - 05/03/2026;caso
2026-03-05;documento;assercao;Inq 5026;7473347;A decisão foi proferida em Brasília, em 5 de março de 2026, pelo Ministro André Mendonça.;fato_processual;;;93;2;Int. Brasília, 5 de março de 2026. Ministro ANDRÉMENDONÇA;caso
2026-03-05;documento;assercao;Pet 15612;7522443;Em 05/03/2026, após a notícia da conclusão da diligência pela Polícia Federal, a defesa do investigado DANIEL BUENO VORCARO apresentou manifestação nos autos do Inq. 5026.;fato_processual;;;215;3;no dia 05/03/2026, a defesa do investigado DANIEL BUENO VORCARO vem aos autos do Inq. 5026;caso
2026-03-05;documento;decisao;Pet 15556;7514886;transferência do investigado preso Daniel Bueno Vorcaro para a Penitenciária Federal em Brasília (PFBRA) → acolheu o pedido e determinou a imediata transferência do investigado preso Daniel Bueno Vorcaro para a penitenciária federal indicada pela Polícia Federal;;;deferido;47;4;;caso
2026-03-05;documento;decisao;Pet 15556;7514886;intimação da Polícia Federal, das direções das penitenciárias envolvidas, da SENAPPEN e da defesa do investigado, e ciência à Procuradoria-Geral da República → determinou a intimação da Polícia Federal, da Direção da Penitenciária em que o investigado se encontra, da Direção da Penitenciária Federal em Brasília, da SENAPPEN e da defesa do investigado preso, e a ciência da Procuradoria-Geral da República;;;determinado_de_oficio;47;5;;caso
2026-03-05;documento;decisao;Inq 5026;7473347;acesso, pela defesa, aos dados telemáticos referidos na informação da autoridade policial (e-Doc. 444) → autorizou o acesso, pela defesa, aos dados telemáticos referidos na informação da autoridade policial do e-Doc. 444;;;deferido;93;2;;caso
2026-03-05;portal;andamento;Pet 15556;7514886;Deferido;;;;;;;caso
2026-03-05;portal;andamento;Pet 15556;7514886;Despacho — 05/03/2026;;;;;;;caso
2026-03-05;portal;andamento;Pet 15556;7514886;Pauta publicada no DJE - 2ª Turma — DJE publicado em 05/03/2026. Divulgado em 04/03/2026. https://digital.stf.jus.br/publico/publicacao/831457;;;;;;;caso
2026-03-05;portal;andamento;Inq 5026;7473347;Decisão (sigiloso);;;;;;;caso
2026-03-06;documento;assercao;Pet 15556;7514886;A defesa de PHILLIPI MACHADO DE MORAES MOURÃO apresentou a Petição nº 34437/2026 (e-Doc. 235), informando o falecimento do investigado, ocorrido em 06/03/2026, conforme Certidão de Óbito juntada como e-Doc. 236.;fato_processual;;;22;2;Trata-se de Petição nº 34437/2026 (e-Doc. 235), por meio da qual a defesa de PHILLIPI MACHADO DE MORAES MOURÃO informa o falecimento do investigado, ocorrido no dia 06/03/2026, conforme Certidão de Óbito (e-Doc.236).;caso
2026-03-06;documento;assercao;Pet 15556;7514886;A Secretaria Judiciária intimou o Procurador-Geral da República do inteiro teor da decisão monocrática constante dos autos (peça ID ee65cd1b), publicada no DJe de 06/03/2026, em 16 de março de 2026.;fato_processual;;;44;1;De ordem, a Secretaria Judiciária do Supremo Tribunal Federal INTIMA a parte abaixo identificada, ou quem as suas vezes fizer, do inteiro teor do(a) despacho/decisão constante dos autos (ID da peça: ee65cd1b), publicado no DJe de 06/03/2026;caso
2026-03-06;documento;assercao;Inq 5026;7473347;O despacho foi proferido em Brasília, em 6 de março de 2026.;fato_processual;;;89;2;Cumpra-se. Brasília, 6 de março de 2026.;caso
2026-03-06;documento;assercao;Pet 15612;7522443;A decisão foi proferida em Brasília, em 6 de março de 2026, pelo Ministro André Mendonça, relator.;fato_processual;;;215;7;Brasília, 6 de março de 2026. Ministro ANDRÉMENDONÇA Relator;caso
2026-03-06;documento;assercao;Pet 15556;7514886;O relator determinou a abertura de inquérito policial para averiguação dos vazamentos noticiados, por decisão proferida em 6.3.2026 nos autos da Pet 15.612/DF.;fato_processual;;;226;10;agiu bem o relator ao determinar a abertura de inquérito policial para averiguação dos vazamentos noticiados, o que se deu por meio de decisão proferida em 6.3.2026 nos autos da Pet 15.612/DF.;caso
2026-03-06;documento;decisao;Pet 15612;7522443;instauração de inquérito policial para averiguação da origem dos vazamentos de informações dos aparelhos do investigado para a imprensa → acolheu o requerimento e determinou a instauração de inquérito policial para a averiguação dos alegados vazamentos noticiados;;;deferido;215;6;;caso
2026-03-06;documento;decisao;Pet 15612;7522443;autuação em apartado dos autos da investigação determinada, com distribuição por prevenção → determinou que os autos da investigação sejam autuados em apartado e distribuídos por prevenção ao presente feito;;;determinado_de_oficio;215;6;;caso
2026-03-06;documento;decisao;Pet 15612;7522443;comunicação da decisão à defesa do investigado requerente → determinou a comunicação da decisão à defesa do investigado requerente;;;determinado_de_oficio;215;7;;caso
2026-03-06;documento;decisao;Pet 15612;7522443;intimação da Polícia Federal para instauração do inquérito no âmbito da Coordenação de Inquéritos nos Tribunais Superiores → determinou a intimação da Polícia Federal para instauração do inquérito no âmbito da CNIQ/CGRC/DICOR/PF;;;determinado_de_oficio;215;7;;caso
2026-03-06;documento;decisao;Pet 15612;7522443;vista à Procuradoria-Geral da República → determinou que, após as providências, se dê vista à Procuradoria-Geral da República;;;determinado_de_oficio;215;7;;caso
2026-03-06;portal;andamento;Inq 5026;7473347;Despacho — em 06/03/2026;;;;;;;caso
2026-03-06;portal;andamento;Pet 15612;7522443;Deferido;;;;;;;caso
2026-03-06;portal;andamento;Pet 15612;7522443;Distribuído por prevenção;;;;;;;caso
2026-03-06;portal;andamento;Pet 15612;7522443;Autuado;;;;;;;caso
2026-03-07;documento;assercao;Pet 15556;7514886;O despacho foi proferido pelo Ministro André Mendonça, relator, em 7 de março de 2026.;fato_processual;;;46;2;"Brasília, 7 de março de 2026.
Ministro ANDRÉMENDONÇA
Relator";caso
2026-03-09;documento;assercao;Pet 15556;7514886;Houve vista à PGR para fins de intimação em 09/03/2026.;fato_processual;;;41;1;Vista à PGR para fins de intimação - 09/03/2026;caso
2026-03-09;documento;assercao;Pet 15556;7514886;A decisão foi proferida em Brasília, em 9 de março de 2026, pelo Ministro André Mendonça, relator.;fato_processual;;;45;4;Brasília, 9 de março de 2026. Ministro ANDRÉMENDONÇA Relator;caso
2026-03-09;documento;assercao;Inq 5026;7473347;A intimação foi recebida automaticamente pelo sistema em 09/03/2026, nos termos do art. 5º, §3º da Lei 11.419/2006.;fato_processual;;;90;1;A intimação foi recebida automaticamente pelo sistema, em 09/03/2026, nos termos do art. 5º, §3 da Lei 11.419/2006.;caso
2026-03-09;documento;assercao;Inq 5026;7473347;A intimação é recebida automaticamente pelo sistema, em 09/03/2026, nos termos do art. 5º, §3, da Lei 11.419/2006.;fato_processual;;;91;1;A intimação foi recebida automaticamente pelo sistema, em 09/03/2026, nos termos do art. 5º, §3 da Lei 11.419/2006.;caso
2026-03-09;documento;assercao;Inq 5026;7473347;A intimação foi recebida automaticamente pelo sistema em 09/03/2026, nos termos do art. 5º, §3 da Lei 11.419/2006.;fato_processual;;;92;1;A intimação foi recebida automaticamente pelo sistema, em 09/03/2026, nos termos do art. 5º, §3 da Lei 11.419/2006.;caso
2026-03-09;documento;assercao;Pet 15198;7473336;Houve vista à PGR para fins de intimação em 09/03/2026.;fato_processual;;;165;1;Vista à PGR para fins de intimação - 09/03/2026;caso
2026-03-09;documento;assercao;Pet 15198;7473336;A decisão foi proferida em Brasília, em 9 de março de 2026, pelo Ministro André Mendonça, relator.;fato_processual;;;166;5;Brasília, 9 de março de 2026. Ministro ANDRÉMENDONÇA Relator;caso
2026-03-09;documento;assercao;Pet 15198;7473336;A intimação foi recebida automaticamente pelo sistema, em 09/03/2026.;fato_processual;;;167;1;"A intimação foi recebida automaticamente pelo
sistema, em 09/03/2026, nos termos do art. 5º, §3
da Lei 11.419/2006.";caso
2026-03-09;documento;decisao;Pet 15556;7514886;ingresso de cópias impressas dos autos nas visitas dos advogados → autorizou o ingresso de cópias impressas dos autos;;;deferido;45;3;;caso
2026-03-09;documento;decisao;Pet 15556;7514886;garantia do direito de os advogados tomarem notas escritas durante os encontros → autorizou a possibilidade de os advogados tomarem notas escritas durante os encontros;;;deferido;45;3;;caso
2026-03-09;documento;decisao;Pet 15556;7514886;intimação e publicação da decisão → determinou a intimação e a publicação da decisão;;;determinado_de_oficio;45;4;;caso
2026-03-09;documento;decisao;Pet 15198;7473336;garantia da faculdade de comparecimento à sessão da CPI do Crime Organizado designada para 03/03/2026 (Petição nº 22887/2026) → deu por prejudicado o pedido, diante da identidade de objeto com o HC nº 269.005/DF, no qual já fora proferida decisão liminar;;;prejudicado;166;5;;caso
2026-03-09;documento;decisao;Pet 15198;7473336;garantia da faculdade de comparecimento à sessão da Comissão Parlamentar Mista de Inquérito designada para 11/03/2026 (Petição nº 24650/2026) → deu por prejudicado o pedido, diante da identidade de objeto com o HC nº 269.005/DF, no qual já fora proferida decisão liminar;;;prejudicado;166;5;;caso
2026-03-09;portal;andamento;Pet 15556;7514886;Despacho — 07/03/2025;;;;;;;caso
2026-03-09;portal;andamento;Inq 5026;7473347;Despacho — em 08/03/2026;;;;;;;caso
2026-03-09;portal;andamento;Pet 15198;7473336;Decisão (sigiloso);;;;;;;caso
2026-03-10;documento;assercao;Pet 15556;7514886;Consta como andamento a vista à PGR para fins de intimação em 10/03/2026.;fato_processual;;;40;1;Vista à PGR para fins de intimação - 10/03/2026;caso
2026-03-10;documento;assercao;Inq 5026;7473347;A Comissão de Assuntos Econômicos do Senado Federal requer autorização para a apresentação do investigado Daniel Bueno Vorcaro, a fim de prestar depoimento perante a Comissão no dia 10/03/2026 às 11h00, na sala da CAE, no Senado Federal, em Brasília/DF.;alegacao_parte;Comissão de Assuntos Econômicos do Senado Federal;;98;2;requer autorização para a apresentação do investigado DANIEL BUENO VORCARO, a fim de prestar depoimento perante a Comissão no dia 10/03/2026 às 11h00, na sala da CAE, junto ao Senado Federal, em Brasília/DF.;caso
2026-03-10;portal;andamento;Pet 15556;7514886;"Deferido — ""(...) 6. Diante de tal conjuntura, acolhendo o pedido formulado pela defesa, determino à direção da Penitenciária Federal de Brasília que permita a realização de visitas dos advogados regularmente constituídos nos autos, independentemente de agendamento, sem a realização de qualquer tipo de monitoramento ou gravação por áudio e/ou vídeo. (...).""";;;;;;;caso
2026-03-10;portal;andamento;Inq 5026;7473347;Interposto agravo regimental — Juntada Petição: 27479/2026;;;;;;;caso
2026-03-10;portal;andamento;Inq 5026;7473347;Interposto agravo regimental — Juntada Petição: 27456/2026;;;;;;;caso
2026-03-10;portal;andamento;Pet 15645;7526458;Autuado;;;;;;;caso
2026-03-11;documento;assercao;Pet 15556;7514886;A Secretaria Judiciária intimou o Procurador-Geral da República do inteiro teor da decisão monocrática constante dos autos (peça ID: 9a66a0e7), publicada no DJe de 11/03/2026.;fato_processual;;;40;1;a Secretaria Judiciária do Supremo Tribunal Federal INTIMA a parte abaixo identificada, ou quem as suas vezes fizer, do inteiro teor do(a) despacho/decisão constante dos autos (ID da peça: 9a66a0e7), publicado no DJe de 11/03/2026;caso
2026-03-11;documento;assercao;Pet 15556;7514886;A Comissão Parlamentar de Inquérito do Crime Organizado informa que a convocação decorre da aprovação dos Requerimentos nº 231 e 238, ambos de 2026, deliberados em sessão do colegiado realizada em 11/03/2026.;alegacao_parte;Comissão Parlamentar de Inquérito do Crime Organizado;;42;2;No expediente, informa-se que a convocação decorre da aprovação dos Requerimentos nº 231 e 238, ambos de 2026, deliberados em sessão do colegiado realizada em 11/03/2026.;caso
2026-03-11;documento;assercao;Pet 15198;7473336;João Carlos Falbo Mansur apresenta, na Petição nº 24650/2026, novo pedido nos mesmos termos do primeiro requerimento, em relação à convocação recebida para comparecimento perante a Comissão Parlamentar Mista de Inquérito no dia 11/03/2026.;alegacao_parte;João Carlos Falbo Mansur;;166;4;João Carlos Falbo Mansur apresenta novo pedido, nos mesmos termos do primeiro requerimento, desta feita em relação à convocação recebida para comparecimento perante a mesma Comissão Parlamentar Mista de Inquérito no dia 11/03/2026.;caso
2026-03-11;portal;andamento;Pet 15556;7514886;Interposto agravo regimental — Juntada Petição: 27539/2026;;;;;;;caso
2026-03-11;portal;andamento;Pet 15645;7526458;Distribuído por prevenção — MIN. ANDRÉ MENDONÇA. Prevenção do Relator/Sucessor: MIN. ANDRÉ MENDONÇA. Justificativa legal: RISTF, art. 69, caput. Processo que justifica: Pet 15198;;;;;;;caso
2026-03-13;documento;assercao;Pet 15556;7514886;A decisão é datada de Brasília, 13 de março de 2026, e assinada pelo Ministro André Mendonça, Relator.;fato_processual;;;43;7;Brasília, 13 de março de 2026. Ministro ANDRÉMENDONÇA Relator;caso
2026-03-13;documento;assercao;Inq 5026;7473347;A intimação foi recebida automaticamente pelo sistema em 13/03/2026, nos termos do art. 5º, §3º da Lei 11.419/2006.;fato_processual;;;88;1;"A intimação foi recebida automaticamente pelo
sistema, em 13/03/2026, nos termos do art. 5º, §3
da Lei 11.419/2006.";caso
2026-03-13;documento;assercao;Pet 15556;7514886;O Ministro Gilmar Mendes registra matéria veiculada em 13.3.2026 pelo jornal Estadão, poucas horas após o início da sessão de julgamento, sobre mensagens trocadas entre um dos acusados e seu advogado.;fundamento_decisorio;Ministro Gilmar Mendes;;226;7;recente matéria veiculada em 13.3.2026 pelo jornal Estadão, poucas horas após o início da presente sessão de julgamento, intitulada “Advogado disse a Vorcaro que estava ‘infernizando juiz’ horas antes de sua prisão e mostrou prints”;caso
2026-03-13;documento;assercao;Pet 15556;7514886;A sessão de julgamento do referendo teve início em 13.3.2026.;fato_processual;;;226;7;veiculada em 13.3.2026 pelo jornal Estadão, poucas horas após o início da presente sessão de julgamento;caso
2026-03-13;documento;decisao;Pet 15556;7514886;"concessão de salvo-conduto para afastar a obrigatoriedade de comparecimento de Ana Cláudia Queiroz de Paiva perante a CPMI do Crime Organizado, convertendo-o em ato facultativo (Petição nº 30123/2026) → deferiu o pleito para afastar a obrigatoriedade de comparecimento, transmudando-a em facultatividade, deixando a cargo da requerente a decisão de comparecer ou não; a decisão serve como salvo-conduto";;;deferido;43;5;;caso
2026-03-13;documento;decisao;Pet 15556;7514886;fixação das condições logísticas do transporte da requerente à sede do Senado Federal e do retorno ao local de custódia → determinou que a Polícia Federal fixe as condições logísticas do transporte e do retorno ao local de custódia, com escolta, devendo a investigada retornar imediatamente ao local de origem após o ato;;;determinado_de_oficio;43;6;;caso
2026-03-13;documento;decisao;Pet 15556;7514886;comunicação da decisão à Presidência da CPMI-CRIME, às defesas constituídas e à Polícia Federal → determinou a comunicação, com urgência e remessa de cópia integral da decisão, à Presidência da CPMI-CRIME, às defesas constituídas e à Polícia Federal;;;determinado_de_oficio;43;6;;caso
2026-03-13;documento;decisao;Pet 15556;7514886;ciência à Procuradoria-Geral da República após o cumprimento das determinações → determinou que se dê ciência à Procuradoria-Geral da República após cumpridas as determinações;;;determinado_de_oficio;43;6;;caso
2026-03-13;portal;andamento;Pet 15556;7514886;Iniciado Julgamento Virtual — Iniciado Julgamento Virtual em 13 de Março de 2026 (Sexta-feira), às 11:00, Pet 15556 Ref;;;;;;;caso
2026-03-16;documento;assercao;Pet 15556;7514886;"Consta o andamento ""Vista à PGR para fins de intimação"", registrado em 16/03/2026.";fato_processual;;;36;1;Vista à PGR para fins de intimação - 16/03/2026;caso
2026-03-16;documento;assercao;Pet 15556;7514886;A intimação foi recebida automaticamente pelo sistema, em 16/03/2026, nos termos do art. 5º, §3 da Lei 11.419/2006.;fato_processual;;;44;1;A intimação foi recebida automaticamente pelo sistema, em 16/03/2026, nos termos do art. 5º, §3 da Lei 11.419/2006.;caso
2026-03-16;documento;assercao;Inq 5026;7473347;A intimação foi recebida automaticamente pelo sistema em 16/03/2026, nos termos do art. 5º, §3 da Lei 11.419/2006.;fato_processual;;;86;1;A intimação foi recebida automaticamente pelo sistema, em 16/03/2026, nos termos do art. 5º, §3 da Lei 11.419/2006.;caso
2026-03-16;documento;assercao;Inq 5026;7473347;A intimação foi recebida automaticamente pelo sistema em 16/03/2026, nos termos do art. 5º, §3º da Lei 11.419/2006.;fato_processual;;;87;1;A intimação foi recebida automaticamente pelo sistema, em 16/03/2026, nos termos do art. 5º, §3 da Lei 11.419/2006.;caso
2026-03-16;documento;assercao;Pet 15612;7522443;A decisão foi proferida em 16 de março de 2026 pelo Ministro André Mendonça, relator.;fato_processual;;;214;1;Brasília, 16 de março de 2026. Ministro ANDRÉMENDONÇA Relator;caso
2026-03-16;documento;decisao;Pet 15612;7522443;vedação de acesso ao material armazenado na Sala-cofre da CPMI-INSS referente aos equipamentos e documentos apreendidos do investigado DANIEL BUENO VORCARO → determinou, com efeitos imediatos, que ninguém tenha acesso ao material armazenado na Sala-cofre da CPMI-INSS referente aos equipamentos e documentos apreendidos do investigado DANIEL BUENO VORCARO;;;determinado_de_oficio;214;1;;caso
2026-03-16;documento;decisao;Pet 15612;7522443;retirada, pela Polícia Federal em colaboração com a Presidência da CPMI-INSS, dos equipamentos armazenados na Sala-cofre para nova separação dos dados → determinou que a Polícia Federal, em colaboração interinstitucional com a Presidência da CPMI-INSS, retire todos os equipamentos armazenados no local para realizar nova separação dos dados, de modo que conteúdo relativo exclusivamente à vida privada do investigado não seja compartilhado com a Comissão Parlamentar;;;determinado_de_oficio;214;1;;caso
2026-03-16;documento;decisao;Pet 15612;7522443;intimação, com urgência, da Polícia Federal, da Presidência da CPMI-INSS e da defesa do investigado DANIEL BUENO VORCARO → determinou a intimação, com extrema urgência, da Polícia Federal, da Presidência da CPMI-INSS e da defesa do investigado DANIEL BUENO VORCARO;;;determinado_de_oficio;214;1;;caso
2026-03-16;documento;decisao;Pet 15612;7522443;publicidade da decisão → determinou que se dê publicidade à decisão;;;determinado_de_oficio;214;1;;caso
2026-03-16;portal;andamento;Pet 15556;7514886;Decisão (sigiloso) — Em 13/03/2026;;;;;;;caso
2026-03-16;portal;andamento;Pet 15612;7522443;Deferido;;;;;;;caso
2026-03-17;documento;assercao;Pet 15556;7514886;A decisão foi proferida em Brasília, em 17 de março de 2026.;fato_processual;;;42;6;Brasília, 17 de março de 2026.;caso
2026-03-17;documento;decisao;Pet 15556;7514886;fixação, pela Polícia Federal, das condições logísticas do transporte do investigado à sede do Senado Federal e do retorno ao local de custódia → determinou que a Polícia Federal fixe as condições logísticas do transporte e do retorno ao local de custódia, com segurança e vigilância contínua policial por meio de escolta apropriada;;;determinado_de_oficio;42;6;;caso
2026-03-17;documento;decisao;Pet 15556;7514886;comunicação da decisão, com cópia integral, à Presidência da CPI-CRIME, às defesas constituídas e à Polícia Federal, e intimação → determinou a comunicação, com a máxima urgência e remessa de cópia integral da decisão, à Presidência da CPI-CRIME, às defesas constituídas e à Polícia Federal, e a intimação em regime de urgência;;;determinado_de_oficio;42;6;;caso
2026-03-18;documento;assercao;Pet 15556;7514886;"Consta o andamento ""Vista à PGR para fins de intimação"", registrado em 18/03/2026.";fato_processual;;;35;1;Vista à PGR para fins de intimação - 18/03/2026;caso
2026-03-18;documento;assercao;Pet 15556;7514886;A Comissão Parlamentar de Inquérito do Crime Organizado requer autorização para a apresentação do investigado PAULO SÉRGIO NEVES DE SOUZA, a fim de prestar depoimento perante a Comissão no dia 18 de março de 2026, conforme a pauta da CPI, ou em outra data a ser designada.;alegacao_parte;Comissão Parlamentar de Inquérito do Crime Organizado;;42;2;por meio da qual se requer autorização para a apresentação do investigado PAULO SÉRGIO NEVES DE SOUZA, a fim de prestar depoimento perante à Comissão no dia 18 de março de 2026, conforme previsto na pauta da CPI, ou, se houver necessidade, em outra data a ser ulteriormente designada.;caso
2026-03-18;documento;assercao;Inq 5026;7473347;Consta como andamento a vista à PGR para fins de intimação, em 18/03/2026.;fato_processual;;;80;1;- Vista à PGR para fins de intimação - 18/03/2026;caso
2026-03-18;documento;decisao;Inq 5026;7473347;nova prorrogação do prazo do inquérito para a realização de diligências → deferiu o pedido e prorrogou o inquérito por mais 60 (sessenta) dias;;;deferido;85;2;;caso
2026-03-18;documento;decisao;Inq 5026;7473347;intimação da Procuradoria-Geral da República → determinou a intimação da Procuradoria-Geral da República;;;determinado_de_oficio;85;2;;caso
2026-03-18;portal;andamento;Pet 15556;7514886;"Indeferido — ""(...) 11. Ante o exposto, já tendo sido manifestada a objeção da defesa de PAULO SÉRGIO NEVES DE SOUZA, através da Petição nº 33108/2026 (eDocs. 215), afasto a obrigatoriedade de comparecimento, transmudando a em facultatividade, deixando a cargo do peticionário a decisão de comparecer, ou não, à “CPI do Crime Organizado”.""";;;;;;;caso
2026-03-18;portal;andamento;Inq 5026;7473347;"Despacho — ""1. A Polícia Federal requer nova prorrogação de prazo para a realização de diligências reputadas imprescindíveis para o esclarecimento dos fatos. 2. Considerando-se as razões apresentadas pela autoridade de polícia judiciária federal no e-Doc. 524, defiro o pedido, prorrogando o inquérito por mais 60 (sessenta) dias. Intime-se a Procuradoria-Geral da República. Publique-se. Brasília, 18 de março de 2026.""";;;;;;;caso
2026-03-18;portal;andamento;Rcl 88121;7450195;Despacho;;;;;;;caso
2026-03-18;portal;andamento;Pet 15719;7536897;Distribuído por prevenção;;;;;;;caso
2026-03-18;portal;andamento;Pet 15719;7536897;Autuado;;;;;;;caso
2026-03-19;documento;assercao;Pet 15556;7514886;A Secretaria Judiciária do Supremo Tribunal Federal intima o Procurador-Geral da República do inteiro teor da decisão monocrática constante dos autos (ID da peça 58e7c550), publicada no DJe de 19/03/2026.;fato_processual;;;35;1;De ordem, a Secretaria Judiciária do Supremo Tribunal Federal INTIMA a parte abaixo identificada, ou quem as suas vezes fizer, do inteiro teor do(a) despacho/decisão constante dos autos (ID da peça: 58e7c550), publicado no DJe de 19/03/2026;caso
2026-03-19;documento;assercao;Pet 15556;7514886;A intimação foi recebida automaticamente pelo sistema, em 19/03/2026.;fato_processual;;;41;1;A intimação foi recebida automaticamente pelo sistema, em 19/03/2026, nos termos do art. 5º, §3 da Lei 11.419/2006.;caso
2026-03-19;documento;assercao;Inq 5026;7473347;A Secretaria Judiciária intimou o Procurador-Geral da República do inteiro teor do despacho constante dos autos (peça ID b96062b0), publicado no DJe de 19/03/2026, em 30 de março de 2026.;fato_processual;;;80;1;De ordem, a Secretaria Judiciária do Supremo Tribunal Federal INTIMA a parte abaixo identificada, ou quem as suas vezes fizer, do inteiro teor do(a) despacho/decisão constante dos autos (ID da peça: b96062b0), publicado no DJe de 19/03/2026;caso
2026-03-19;documento;assercao;Pet 15198;7473336;A intimação foi recebida automaticamente pelo sistema em 19/03/2026, nos termos do art. 5º, §3º da Lei 11.419/2006.;fato_processual;;;165;1;"A intimação foi recebida automaticamente pelo
sistema, em 19/03/2026, nos termos do art. 5º, §3
da Lei 11.419/2006.";caso
2026-03-19;documento;assercao;Pet 15556;7514886;O Ministro Gilmar Mendes registra que em 19.3.2026 a imprensa noticiou que o relator teria determinado a transferência de Daniel Bueno Vorcaro para outro estabelecimento carcerário.;fundamento_decisorio;Ministro Gilmar Mendes;;226;24;no dia 19.3.2026, a imprensa noticiou que o relator teria determinado a transferência de Daniel Bueno Vorcaro para outro estabelecimento carcerário.;caso
2026-03-19;portal;andamento;Pet 15556;7514886;Despacho — 18/3/2026.;;;;;;;caso
2026-03-20;documento;assercao;Pet 15556;7514886;Na Sessão Virtual de 13 a 20 de março de 2026, os Ministros da Segunda Turma do Supremo Tribunal Federal acordaram, por unanimidade, em referendar a liminar.;fato_processual;;;25;3;na Sessão Virtual de 13 a 20 de março de 2026, acordam os Ministros da Segunda Turma do Supremo Tribunal Federal, por unanimidade, em referendar a liminar;caso
2026-03-20;documento;assercao;Pet 15556;7514886;A intimação foi recebida automaticamente pelo sistema em 20/03/2026, nos termos do art. 5º, §3º da Lei 11.419/2006.;fato_processual;;;40;1;A intimação foi recebida automaticamente pelo sistema, em 20/03/2026, nos termos do art. 5º, §3 da Lei 11.419/2006.;caso
2026-03-20;documento;assercao;Inq 5026;7473347;Houve vista à PGR para fins de intimação em 20/03/2026.;fato_processual;;;79;1;Vista à PGR para fins de intimação - 20/03/2026;caso
2026-03-20;documento;assercao;Inq 5026;7473347;A Secretaria Judiciária informa que os autos foram disponibilizados à autoridade policial, em 20 de março de 2026.;fato_processual;;;82;1;A Secretaria Judiciária informa que, nesta data, os autos foram disponibilizados à autoridade policial. Brasília, 20 de março de 2026.;caso
2026-03-20;documento;assercao;Inq 5026;7473347;O despacho foi proferido em Brasília, em 20 de março de 2026, e assinado pelo Ministro André Mendonça, relator.;fato_processual;;;83;2;Brasília, 20 de março de 2026. Ministro ANDRÉMENDONÇA Relator;caso
2026-03-20;documento;decisao;Pet 15556;7514886;referendo da liminar concedida pelo Relator → referendou a liminar concedida, por unanimidade, nos termos do voto do Relator, excetuado o comando destinado ao investigado Luiz Phillipi Machado de Moraes Mourão;;;referendado;39;1;;caso
2026-03-20;documento;decisao;Pet 15556;7514886;referendo da fração da liminar que recaía sobre o investigado Luiz Phillipi Machado de Moraes Mourão → não referendou a fração da liminar relativa ao investigado Luiz Phillipi Machado de Moraes Mourão, em razão da superveniente perda da eficácia da decisão pelo seu falecimento;;;prejudicado;39;1;;caso
2026-03-20;portal;andamento;Inq 5026;7473347;Despacho — 20/03/2026;;;;;;;caso
2026-03-21;portal;andamento;Pet 15556;7514886;Finalizado Julgamento Virtual — Finalizado Julgamento Virtual em 20 de Março de 2026 (Sexta-feira), às 23:59, Pet 15556 Ref;;;;;;;caso
2026-03-23;documento;assercao;Pet 15556;7514886;O Referendo na Petição 15.556, do Distrito Federal, foi julgado pela Segunda Turma em 23/03/2026, sob relatoria do Min. André Mendonça.;fato_processual;;;25;1;23/03/2026 SEGUNDA TURMA REFERENDO NA PETIÇÃO 15.556 DISTRITO FEDERAL RELATOR :MIN. ANDRÉ MENDONÇA;caso
2026-03-23;documento;assercao;Pet 15556;7514886;O acórdão é datado de Brasília, 23 de março de 2026, e subscrito pelo Ministro André Mendonça, Relator.;fato_processual;;;25;4;Brasília, 23 de março de 2026. Ministro ANDRÉ MENDONÇA Relator;caso
2026-03-23;documento;assercao;Pet 15556;7514886;A decisão foi proferida em Brasília, em 23 de março de 2026, pelo Ministro André Mendonça, relator.;fato_processual;;;37;6;Brasília, 23 de março de 2026. Ministro ANDRÉMENDONÇA Relator;caso
2026-03-23;documento;decisao;Pet 15556;7514886;referendo da decisão cautelar que decretou a prisão preventiva dos investigados Daniel Bueno Vorcaro, Fabiano Campos Zettel e Marilson Roseno da Silva → referendou, por unanimidade, a liminar concedida quanto à decretação das prisões preventivas, nos termos do voto do Relator;;;referendado;25;6;;caso
2026-03-23;documento;decisao;Pet 15556;7514886;referendo da decisão cautelar que impôs medidas cautelares diversas da prisão aos investigados Paulo Sérgio Neves de Souza, Belline Santana, Leonardo Augusto Furtado Palhares e Ana Claudia Queiroz de Paiva → referendou, por unanimidade, a liminar concedida quanto à aplicação das medidas cautelares diversas da prisão, nos termos do voto do Relator;;;referendado;25;6;;caso
2026-03-23;documento;decisao;Pet 15556;7514886;referendo da decisão cautelar quanto ao comando de prisão preventiva destinado ao investigado Luiz Phillipi Machado de Moraes Mourão → excetuou do referendo o comando destinado a Luiz Phillipi Machado de Moraes Mourão, porque veio a falecer, ocasionando a superveniente perda da eficácia da decisão em relação à fração que recaía sobre si;;;outro;25;6;;caso
2026-03-23;documento;decisao;Pet 15556;7514886;objeção à obrigatoriedade de comparecimento de BELLINE SANTANA para prestar depoimento perante a CPI do Crime Organizado em 24/03/2026 (Petição nº 35467/2026) → afastou a obrigatoriedade de comparecimento, transmudando-a em facultatividade, deixando a cargo do peticionário a decisão de comparecer, ou não, à CPI do Crime Organizado;;;outro;37;5;;caso
2026-03-23;documento;decisao;Pet 15556;7514886;autorização judicial para o comparecimento de BELLINE SANTANA para prestar depoimento perante a CPI em 24/03/2026, às 9h, em Brasília, ou em outra data a ser designada (Petição nº 35882/2026) → condicionou qualquer transferência do investigado ao Senado Federal à prévia manifestação expressa, formal e inequívoca quanto à sua opção positiva pelo comparecimento;;;outro;37;6;;caso
2026-03-23;documento;decisao;Pet 15556;7514886;fixação das condições logísticas do transporte do investigado à sede do Senado Federal e do retorno ao local de custódia → determinou que a Polícia Federal fixe as condições logísticas do transporte e do retorno ao local de custódia, com escolta, devendo o investigado retornar imediatamente ao local de origem após o ato;;;determinado_de_oficio;37;6;;caso
2026-03-23;documento;decisao;Pet 15556;7514886;comunicação da decisão à Presidência da CPI-CRIME, às defesas constituídas e à Polícia Federal → determinou a comunicação, com urgência e remessa de cópia integral da decisão, à Presidência da CPI-CRIME, às defesas constituídas e à Polícia Federal;;;determinado_de_oficio;37;6;;caso
2026-03-23;documento;decisao;Pet 15556;7514886;ciência à Procuradoria-Geral da República após o cumprimento das determinações → determinou que se dê ciência à Procuradoria-Geral da República após cumpridas as determinações;;;determinado_de_oficio;37;6;;caso
2026-03-23;portal;andamento;Pet 15556;7514886;Decisão publicada, DJE;;;;;;;caso
2026-03-23;portal;andamento;Pet 15556;7514886;Decisão (sigiloso);;;;;;;caso
2026-03-23;portal;andamento;Pet 15556;7514886;Liminar referendada — Decisão: A Turma, por unanimidade, referendou a liminar concedida, excetuado apenas o comando destinado ao investigado Luiz Phillipi Machado de Moraes Mourão, porque veio a falecer, ocasionando a superveniente perda da eficácia da decisão, especificamente em relação à fração que recaía sobre si, nos termos do voto do Relator, Ministro André Mendonça. O Ministro Gilmar Mendes acompanhou o Relator com ressalvas. Afirmou suspeição o Ministro Dias Toffoli. Segunda Turma, Sessão Virtual de 13.3.2026 a 20.3.2026.;;;;;;;caso
2026-03-24;documento;assercao;Pet 15556;7514886;"É registrado nos autos o andamento ""Vista à PGR para fins de intimação"", datado de 24/03/2026.";fato_processual;;;32;1;Vista à PGR para fins de intimação - 24/03/2026;caso
2026-03-24;documento;assercao;Pet 15556;7514886;Os requerimentos têm por objeto a convocação de Belline Santana para prestar depoimento em 24/03/2026 perante a Comissão Parlamentar de Inquérito.;fato_processual;;;37;2;Tais requerimentos têm por objeto a convocação do requerente para prestar depoimento, em 24/03/2026, perante a referida Comissão Parlamentar de Inquérito.;caso
2026-03-24;documento;assercao;Pet 15556;7514886;A Comissão Mista Parlamentar de Inquérito requer autorização judicial para o comparecimento de BELLINE SANTANA para prestar depoimento no dia 24 de março de 2026, às 9h, em Brasília/DF, conforme a pauta da CPI, ou em outra data a ser designada.;alegacao_parte;Comissão Mista Parlamentar de Inquérito;;37;3;requerendo autorização judicial para “o comparecimento do Senhor BELLINE SANTANA para prestar depoimento, no dia 24 de março de 2026, às 9h, nesta cidade de Brasília, DF, conforme previsto na pauta da CPI, ou, desde logo, se houver necessidade, em outra data a ser ulteriormente designada.”;caso
2026-03-25;portal;andamento;Pet 15556;7514886;Interposto agravo regimental — Juntada Petição: 34620/2026;;;;;;;caso
2026-03-25;portal;andamento;Pet 15556;7514886;Interposto agravo regimental — Juntada Petição: 32472/2026;;;;;;;caso
2026-03-25;portal;andamento;Pet 15556;7514886;Opostos embargos de declaração — Juntada Petição: 38067/2026;;;;;;;caso
2026-03-25;portal;andamento;Pet 15556;7514886;Interposto agravo regimental — Juntada Petição: 36684/2026;;;;;;;caso
2026-03-25;portal;andamento;Pet 15556;7514886;Ata de Julgamento Publicada, DJE — Divulgado em 24/03/2026. https://digital.stf.jus.br/publico/publicacao/844981;;;;;;;caso
2026-03-26;documento;assercao;Pet 15556;7514886;A intimação foi recebida automaticamente pelo sistema em 26/03/2026, nos termos do art. 5º, §3 da Lei 11.419/2006.;fato_processual;;;36;1;A intimação foi recebida automaticamente pelo sistema, em 26/03/2026, nos termos do art. 5º, §3 da Lei 11.419/2006.;caso
2026-03-27;documento;assercao;Pet 15198;7473336;O despacho foi proferido em Brasília, em 27 de março de 2026, pelo Ministro André Mendonça, relator, com determinação de intimação.;fato_processual;;;164;5;Int. Brasília, 27 de março de 2026. Ministro ANDRÉMENDONÇA Relator;caso
2026-03-27;portal;andamento;Inq 5026;7473347;"Decisão (sigiloso) — ""(...) 10. Ante o exposto, estando patente a objeção da defesa da parte requerente defiro o pleito formulado por Leonardo Augusto Furtado Palhares (Petição nº 34376/2026 - e-Doc. 543), para afastar a obrigatoriedade de comparecimento, transmudando-a em facultatividade, deixando a cargo do requerente a decisão de comparecer, ou não, à “CPI do Crime Organizado”. Consigno que o comparecimento é de caráter estritamente facultativo e dependerá de sua anuência explícita e prévia a qualquer deslocamento para o local em que será realizada a reunião da Comissão Parlamentar. (...).""";;;;;;;caso
2026-03-28;documento;assercao;Pet 15198;7473336;Houve vista à PGR para fins de intimação em 28/03/2026.;fato_processual;;;162;1;Vista à PGR para fins de intimação - 28/03/2026;caso
2026-03-28;documento;assercao;Pet 15198;7473336;A Secretaria Judiciária informou que os autos foram disponibilizados à autoridade policial, em 28 de março de 2026.;fato_processual;;;163;1;A Secretaria Judiciária informa que, nesta data, os autos foram disponibilizados à autoridade policial. Brasília, 28 de março de 2026.;caso
2026-03-28;portal;andamento;Pet 15198;7473336;Despacho — em 27/03/2026;;;;;;;caso
2026-03-28;portal;andamento;Pet 15504;7509527;Decisão (sigiloso) — em 27/03/2026;;;;;;;caso
2026-03-30;documento;assercao;Pet 15556;7514886;A intimação foi recebida automaticamente pelo sistema em 30/03/2026, nos termos do art. 5º, §3 da Lei 11.419/2006.;fato_processual;;;35;1;A intimação foi recebida automaticamente pelo sistema, em 30/03/2026, nos termos do art. 5º, §3 da Lei 11.419/2006.;caso
2026-03-30;documento;assercao;Inq 5026;7473347;A intimação foi recebida automaticamente pelo sistema, em 30/03/2026.;fato_processual;;;79;1;"A intimação foi recebida automaticamente pelo
sistema, em 30/03/2026, nos termos do art. 5º, §3
da Lei 11.419/2006.";caso
2026-03-30;documento;assercao;Inq 5026;7473347;A intimação foi recebida automaticamente pelo sistema, em 30/03/2026, nos termos do art. 5º, §3 da Lei 11.419/2006.;fato_processual;;;80;1;A intimação foi recebida automaticamente pelo sistema, em 30/03/2026, nos termos do art. 5º, §3 da Lei 11.419/2006.;caso
2026-03-31;documento;assercao;Pet 15556;7514886;Consta como andamento a vista à PGR para fins de intimação, em 31/03/2026.;fato_processual;;;30;1;- Vista à PGR para fins de intimação - 31/03/2026;caso
2026-03-31;documento;assercao;Pet 15556;7514886;A decisão foi proferida em Brasília, em 31 de março de 2026, e assinada pelo Ministro André Mendonça, relator.;fato_processual;;;34;3;Brasília, 31 de março de 2026. Ministro ANDRÉMENDONÇA Relator;caso
2026-03-31;documento;assercao;Inq 5035;7498168;Houve vista à PGR para fins de intimação em 31/03/2026.;fato_processual;;;129;1;Vista à PGR para fins de intimação - 31/03/2026;caso
2026-03-31;documento;assercao;Inq 5035;7498168;"É registrado nos autos o andamento ""Vista à PGR para fins de intimação"", datado de 31/03/2026.";fato_processual;;;130;1;Vista à PGR para fins de intimação - 31/03/2026;caso
2026-03-31;documento;decisao;Pet 15556;7514886;agravo regimental contra a decisão que permitiu a realização de visitas a Daniel Bueno Vorcaro por advogados constituídos nos autos, independente de agendamento, sem monitoramento ou gravação (e-Doc. 123) → reconheceu a prejudicialidade do agravo regimental da Procuradoria-Geral da República, que, diante da perda do objeto recursal, requereu a desistência do recurso (e-Doc. 245);;;prejudicado;34;3;;caso
2026-03-31;documento;decisao;Pet 15556;7514886;agravo regimental contra a decisão monocrática que decretou a prisão preventiva de Daniel Bueno Vorcaro (e-Doc. 16) → declarou prejudicado o agravo regimental diante do ulterior julgamento do referendo da decisão cautelar pela Segunda Turma, na Sessão Virtual de 13/03/2026 a 20/03/2026 (e-Doc. 257);;;prejudicado;34;3;;caso
2026-03-31;documento;decisao;Pet 15556;7514886;substituição da prisão de Fabiano Campos Zettel por medidas cautelares alternativas → declarou prejudicado o pedido diante do ulterior julgamento do referendo da decisão cautelar pela Segunda Turma, na Sessão Virtual de 13/03/2026 a 20/03/2026 (e-Doc. 257);;;prejudicado;34;3;;caso
2026-03-31;portal;andamento;Pet 15556;7514886;Despacho — 31/03/2026;;;;;;;caso
2026-03-31;portal;andamento;Pet 15556;7514886;Despacho — 31/03/2026;;;;;;;caso
2026-03-31;portal;andamento;Pet 15556;7514886;Despacho — 31/03/2026;;;;;;;caso
2026-03-31;portal;andamento;Pet 15556;7514886;Decisão (sigiloso) — 31/03/2026;;;;;;;caso
2026-03-31;portal;andamento;Inq 5035;7498168;Despacho;;;;;;;caso
2026-03-31;portal;andamento;Inq 5035;7498168;Despacho;;;;;;;caso
2026-04-01;portal;andamento;Pet 15556;7514886;"Determinada a diligência — ""(...) 1. Por meio da Petição nº 41003/2026 (e-Doc. 283), Fabiano Campos Zettel formula pedidos relacionados às suas condições de custódia atual. Abra-se vista à Polícia Federal para manifestação prévia. 2. No que concerne ao requerimento apresentado pela autoridade policial, por meio da Petição nº 41492/2026, instruída com documentos anexos (e-Docs. 285 a 289), determino à Secretaria Judiciária que promova o seu imediato desentranhamento e posterior juntada à PET nº 15.622, por ser aquele o procedimento instaurado especificamente para apuração do fato em torno do qual a solicitação se destina.(...).""";;;;;;;caso
2026-04-02;documento;assercao;Pet 15556;7514886;A decisão é datada de Brasília, 2 de abril de 2026, e assinada pelo Ministro André Mendonça, Relator.;fato_processual;;;31;6;Brasília, 2 de abril de 2026. Ministro ANDRÉMENDONÇA Relator;caso
2026-04-02;documento;decisao;Pet 15556;7514886;afastamento da obrigatoriedade de comparecimento do peticionante à CPI do Crime Organizado para prestar depoimento, convocado pelo Requerimento n. 310/2026 (Petição nº 42142/2026, e-Doc. 297) → afastou a obrigatoriedade de comparecimento, transmudando-a em facultatividade, deixando a cargo do peticionário a decisão de comparecer ou não à CPI do Crime Organizado;;;deferido;31;5;;caso
2026-04-02;documento;decisao;Pet 15556;7514886;comunicação da decisão, com remessa de cópia integral, à Presidência da CPI-CRIME e à defesa constituída → determinou a comunicação, com a máxima urgência e com remessa de cópia integral da decisão, à Presidência da CPI-CRIME e à defesa constituída, para as providências necessárias ao eventual deslocamento do investigado ao Senado Federal;;;determinado_de_oficio;31;5;;caso
2026-04-02;documento;decisao;Pet 15556;7514886;ciência da decisão à Procuradoria-Geral da República → determinou que, cumpridas as determinações, seja dada ciência à Procuradoria-Geral da República;;;determinado_de_oficio;31;6;;caso
2026-04-02;documento;decisao;Pet 15556;7514886;intimações e adoção das providências determinadas, em regime de urgência → determinou as intimações e a adoção das providências determinadas, com a máxima brevidade, em regime de urgência;;;determinado_de_oficio;31;6;;caso
2026-04-02;documento;decisao;Pet 15556;7514886;publicidade da decisão → determinou que se dê publicidade à decisão;;;determinado_de_oficio;31;6;;caso
2026-04-03;documento;assercao;Pet 15556;7514886;A intimação é recebida automaticamente pelo sistema, em 03/04/2026, nos termos do art. 5º, §3, da Lei 11.419/2006.;fato_processual;;;32;1;A intimação foi recebida automaticamente pelo sistema, em 03/04/2026, nos termos do art. 5º, §3 da Lei 11.419/2006.;caso
2026-04-03;portal;andamento;Pet 15556;7514886;"Deferido — ""(...) 8. Ante o exposto, restando configurada, pelo teor da justificativa apresentada pela comissão parlamentar para embasar a sua convocação, a condição de investigado do peticionante IBANEIS ROCHA BARROS JÚNIOR, e já tendo sido manifestada a objeção de sua defesa técnica, através da Petição nº 42142/2026 (e-Doc. 297), afasto a obrigatoriedade de comparecimento, transmudando-a em facultatividade, deixando a cargo do peticionário a decisão de comparecer, ou não, à “CPI do Crime Organizado”. (...).""";;;;;;;caso
2026-04-07;documento;assercao;Pet 15556;7514886;O Requerimento n. 310/2026 tem por objeto a convocação do requerente para prestar depoimento em 07/04/2026 perante a Comissão Parlamentar de Inquérito, conforme o Ofício Convocatório nº 238/2026 (e-Doc. 300).;fato_processual;;;31;2;Tal requerimento tem por objeto a convocação do requerente para prestar depoimento, em 07/04/2026, perante a referida Comissão Parlamentar de Inquérito, conforme o Ofício Convocatório nº 238/2026 (e-Doc. 300);caso
2026-04-07;documento;assercao;Pet 15198;7473336;A intimação foi recebida automaticamente pelo sistema em 07/04/2026, nos termos do art. 5º, §3º da Lei 11.419/2006.;fato_processual;;;162;1;"A intimação foi recebida automaticamente pelo
sistema, em 07/04/2026, nos termos do art. 5º, §3
da Lei 11.419/2006.";caso
2026-04-09;documento;assercao;Pet 15556;7514886;A intimação foi recebida eletronicamente por JOAQUIM CABRAL DA COSTA NETO, em 09/04/2026.;fato_processual;;;30;1;A intimação foi recebida eletronicamente por JOAQUIM CABRAL DA COSTA NETO, 07486179490, em 09/04/2026.;caso
2026-04-10;documento;assercao;Inq 5035;7498168;A intimação foi recebida automaticamente pelo sistema em 10/04/2026, nos termos do art. 5º, §3º da Lei 11.419/2006.;fato_processual;;;129;1;"A intimação foi recebida automaticamente pelo
sistema, em 10/04/2026, nos termos do art. 5º, §3
da Lei 11.419/2006.";caso
2026-04-10;documento;assercao;Inq 5035;7498168;A intimação é recebida automaticamente pelo sistema, em 10/04/2026, nos termos do art. 5º, §3, da Lei 11.419/2006.;fato_processual;;;130;1;A intimação foi recebida automaticamente pelo sistema, em 10/04/2026, nos termos do art. 5º, §3 da Lei 11.419/2006.;caso
2026-04-10;portal;andamento;Inq 5026;7473347;Interposto agravo regimental — Juntada Petição: 41748/2026;;;;;;;caso
2026-04-15;documento;assercao;Inq 5026;7473347;Consta como andamento a vista à PGR para fins de intimação, em 15/04/2026.;fato_processual;;;76;1;- Vista à PGR para fins de intimação - 15/04/2026;caso
2026-04-15;documento;decisao;Inq 5026;7473347;desentranhamento da Petição nº 48701/2026 e documentos dos e-Docs. 687 a 700 para autuação como Pet autônoma vinculada ao feito → determinou à Secretaria Judiciária o desentranhamento da Petição nº 48701/2026 e documentos, sua autuação como Pet autônoma vinculada ao feito e a conclusão dos novos autos ao Gabinete;;;determinado_de_oficio;78;2;;caso
2026-04-15;portal;andamento;Inq 5026;7473347;Despacho — 15/04/2026;;;;;;;caso
2026-04-18;documento;decisao;Pet 15499;7509111;vista à Procuradoria-Geral da República, pelo prazo de 10 dias, sobre a representação da Polícia Federal pela instauração de PET sigilosa em apartado vinculada ao INQ 5026 → determinou a abertura de vista à Procuradoria-Geral da República pelo prazo de 10 (dez) dias;;;determinado_de_oficio;199;2;;caso
2026-04-19;portal;andamento;Pet 15499;7509111;Despacho — 18/04/2026;;;;;;;caso
2026-04-23;documento;assercao;Pet 15556;7514886;O despacho foi proferido em Brasília, em 23 de abril de 2026.;fato_processual;;;29;2;Brasília, 23 de abril de 2026.;caso
2026-04-23;documento;decisao;Pet 15556;7514886;desentranhamento dos documentos dos e-Docs. 340 a 354 (relatório final e documentação anexados pela Polícia Federal) para juntada à PET nº 15599 → determinou à Secretaria Judiciária o desentranhamento dos documentos dos e-Docs. 340 a 354 desta PET, com subsequente juntada à PET nº 15599;;;determinado_de_oficio;29;2;;caso
2026-04-23;portal;andamento;Pet 15556;7514886;Despacho;;;;;;;caso
2026-04-24;documento;assercao;Pet 15556;7514886;Houve vista à PGR para fins de intimação em 24/04/2026.;fato_processual;;;28;1;Vista à PGR para fins de intimação - 24/04/2026;caso
2026-04-24;documento;assercao;Inq 5026;7473347;Consta como andamento a vista à PGR para fins de intimação, em 24/04/2026.;fato_processual;;;74;1;- Vista à PGR para fins de intimação - 24/04/2026;caso
2026-04-24;documento;assercao;Inq 5026;7473347;O despacho foi proferido em Brasília, em 24 de abril de 2026, e assinado pelo Ministro André Mendonça, relator.;fato_processual;;;77;3;Intime-se. Cumpra-se. Brasília, 24 de abril de 2026. Ministro ANDRÉMENDONÇA Relator;caso
2026-04-24;documento;decisao;Inq 5026;7473347;intimação da autoridade da Polícia Federal para informar, em 10 dias, se os dados necessários à investigação já foram extraídos dos equipamentos eletrônicos de ANDRÉ FELIPE DE OLIVEIRA SEIXAS MAIA → determinou a intimação da autoridade da Polícia Federal para que, no prazo de 10 dias, informe se os dados necessários para a investigação já foram extraídos dos equipamentos eletrônicos de ANDRÉ FELIPE DE OLIVEIRA SEIXAS MAIA;;;determinado_de_oficio;77;3;;caso
2026-04-24;documento;decisao;Inq 5026;7473347;vista ao MPF, após as informações da Polícia Federal, para parecer sobre a restituição dos aparelhos de ANDRÉ FELIPE DE OLIVEIRA SEIXAS MAIA → determinou vista ao MPF, com a vinda das informações, para parecer sobre a restituição dos aparelhos de ANDRÉ FELIPE DE OLIVEIRA SEIXAS MAIA;;;determinado_de_oficio;77;3;;caso
2026-04-24;documento;decisao;Inq 5026;7473347;conclusão dos autos ao relator após o parecer da PGR para decidir o pedido de restituição de equipamentos eletrônicos → determinou que, com a chegada do parecer da PGR, os autos voltem conclusos para decidir o pedido de restituição de equipamentos eletrônicos;;;determinado_de_oficio;77;3;;caso
2026-04-24;portal;andamento;Inq 5026;7473347;Despacho — 24/04/2026;;;;;;;caso
2026-04-25;documento;assercao;Pet 15556;7514886;A intimação foi recebida eletronicamente por Joaquim Cabral da Costa Neto em 25/04/2026.;fato_processual;;;28;1;"A intimação foi recebida eletronicamente por
JOAQUIM CABRAL DA COSTA NETO,
07486179490, em 25/04/2026.";caso
2026-04-27;documento;assercao;Inq 5026;7473347;A intimação foi recebida automaticamente pelo sistema, em 27/04/2026, nos termos do art. 5º, §3 da Lei 11.419/2006.;fato_processual;;;76;1;A intimação foi recebida automaticamente pelo sistema, em 27/04/2026, nos termos do art. 5º, §3 da Lei 11.419/2006.;caso
2026-04-27;documento;decisao;Pet 15556;7514886;abertura de vista à Procuradoria-Geral da República para manifestação sobre o pedido de conversão da prisão preventiva em domiciliar formulado por Fabiano Campos Zettel e sobre o pedido de restituição de bens formulado por Paulo Sérgio Neves de Souza → determinou a abertura de vista à Procuradoria-Geral da República para manifestação sobre os dois pedidos;;;determinado_de_oficio;27;2;;caso
2026-04-28;documento;decisao;Pet 15499;7509111;"instauração de PET sigilosa em apartado, vinculada ao INQ 5026, para apurar eventuais crimes de embaraço à investigação sobre organização criminosa, violação de sigilo funcional, corrupção ativa e passiva e lavagem de dinheiro, que teriam sido praticados, em tese, por DANIEL BUENO VORCARO, FABIANO CAMPOS ZETTEL, LUIZ PHILLIPI MACHADO DE MORAES MOURÃO e demais integrantes dos núcleos denominados ""A Turma"" e ""Os meninos"" → autorizou, nos termos do artigo 21, inciso XV, do Regimento Interno do Supremo Tribunal Federal, a instauração de procedimento investigatório vinculado ao INQ 5026 para apuração da hipótese criminal delineada pela autoridade policial";;;deferido;197;2;;caso
2026-04-28;documento;decisao;Pet 15499;7509111;remessa dos autos à Polícia Federal para a realização das diligências investigativas → determinou a remessa à Polícia Federal para a realização das diligências investigativas;;;determinado_de_oficio;197;2;;caso
2026-04-28;documento;decisao;Pet 15499;7509111;ciência à Procuradoria-Geral da República → determinou que se cientifique a Procuradoria-Geral da República;;;determinado_de_oficio;197;2;;caso
2026-04-28;portal;andamento;Pet 15556;7514886;Despacho;;;;;;;caso
2026-04-29;documento;assercao;Pet 15499;7509111;"Consta o andamento ""Vista à PGR para fins de intimação"", registrado em 29/04/2026.";fato_processual;;;195;1;Vista à PGR para fins de intimação - 29/04/2026;caso
2026-04-29;portal;andamento;Pet 15499;7509111;Despacho — 28/04/2026;;;;;;;caso
2026-04-30;documento;assercao;Inq 5026;7473347;Consta como andamento a vista à PGR para fins de intimação em 30/04/2026.;fato_processual;;;73;1;Vista à PGR para fins de intimação - 30/04/2026;caso
2026-04-30;documento;assercao;Inq 5026;7473347;A decisão foi proferida em Brasília, em 30 de abril de 2026, pelo relator, Ministro André Mendonça.;fato_processual;;;75;6;Brasília, 30 de abril de 2026. Ministro ANDRÉMENDONÇA Relator;caso
2026-04-30;documento;assercao;Pet 15504;7509527;Consta como andamento a vista à PGR para fins de intimação em 30/04/2026.;fato_processual;;;209;1;Vista à PGR para fins de intimação - 30/04/2026;caso
2026-04-30;documento;decisao;Inq 5026;7473347;autorização para Alberto Felix de Oliveira Neto deslocar-se até a cidade de Passos/MG, a fim de comparecer à cerimônia de velório e sepultamento de seu genitor, Gerson Felix de Oliveira → deferiu o pedido, em caráter excepcional e temporário, para autorizar o deslocamento de Alberto Felix de Oliveira Neto a Passos/MG nas condições enumeradas;;;deferido;75;4;;caso
2026-04-30;documento;decisao;Pet 15504;7509527;instauração de PET sigilosa em apartado, vinculada ao INQ 5026, para apurar eventuais crimes de corrupção ativa e passiva, organização criminosa, lavagem de capitais, violação de sigilo funcional e outros contra o Sistema Financeiro Nacional, que teriam sido praticados, em tese, por Daniel Bueno Vorcaro em coautoria com os servidores do Banco Central do Brasil Paulo Sérgio de Souza e Belline Santana → autorizou, nos termos do art. 21, XV, do Regimento Interno do STF, a instauração de procedimento investigatório vinculado ao INQ 5026 para apuração da hipótese criminal delineada pela autoridade policial;;;deferido;211;1;;caso
2026-04-30;documento;decisao;Pet 15504;7509527;remessa dos autos à Polícia Federal para a realização das diligências investigativas → determinou a remessa à Polícia Federal para a realização das diligências investigativas;;;determinado_de_oficio;211;2;;caso
2026-04-30;portal;andamento;Inq 5026;7473347;Decisão (sigiloso) — 30/04/2026;;;;;;;caso
2026-04-30;portal;andamento;Pet 15504;7509527;Despacho — 30/04/2026;;;;;;;caso
2026-05-03;documento;assercao;Inq 5026;7473347;O requerente informa que a cerimônia fúnebre será realizada na Funerária São Vicente de Paulo, na Praça da Saudade, nº 247, Centro, Passos/MG, e que pretende pernoitar na Rua Mantiqueira, nº 743, Passos/MG, permanecendo até 3 de maio de 2026.;alegacao_parte;ALBERTO FELIX DE OLIVEIRA NETO;;75;3;Informa, ainda, o requerente, que a cerimônia fúnebre será realizada na Funerária São Vicente de Paulo, situada na Praça da Saudade, nº 247, Centro, Passos/MG, e que pretende pernoitar no endereço situado na Rua Mantiqueira, nº 743, Passos/MG, ali permanecendo até o dia 3 de maio de 2026.;caso
2026-05-04;documento;assercao;Inq 5026;7473347;A intimação foi recebida automaticamente pelo sistema, em 04/05/2026, nos termos do art. 5º, §3 da Lei 11.419/2006.;fato_processual;;;74;1;A intimação foi recebida automaticamente pelo sistema, em 04/05/2026, nos termos do art. 5º, §3 da Lei 11.419/2006.;caso
2026-05-04;documento;assercao;Inq 5026;7473347;Finda a cerimônia de sepultamento, o requerente deverá retornar imediatamente ao local de cumprimento de seu monitoramento, limitada sua permanência em Passos/MG ao estritamente necessário e não ultrapassando a data de 04 de maio de 2026.;fato_processual;;;75;5;o requerente deverá retornar imediatamente ao local de cumprimento de seu monitoramento, ficando sua permanência em Passos/MG limitada ao estritamente necessário para a realização do ato fúnebre, não podendo ultrapassar, em nenhuma hipótese, a data de 04 de maio de 2026;caso
2026-05-11;documento;assercao;Inq 5026;7473347;A intimação foi recebida automaticamente pelo sistema em 11/05/2026, nos termos do art. 5º, §3º da Lei 11.419/2006.;fato_processual;;;73;1;A intimação foi recebida automaticamente pelo sistema, em 11/05/2026, nos termos do art. 5º, §3 da Lei 11.419/2006.;caso
2026-05-11;documento;assercao;Pet 15198;7473336;O despacho foi proferido em Brasília, em 11 de maio de 2026, e assinado pelo Ministro André Mendonça, relator.;fato_processual;;;161;4;Brasília, 11 de maio de 2026. Ministro ANDRÉMENDONÇA Relator;caso
2026-05-11;documento;assercao;Pet 15499;7509111;A intimação foi recebida automaticamente pelo sistema em 11/05/2026, nos termos do art. 5º, §3 da Lei 11.419/2006.;fato_processual;;;195;1;A intimação foi recebida automaticamente pelo sistema, em 11/05/2026, nos termos do art. 5º, §3 da Lei 11.419/2006.;caso
2026-05-11;documento;assercao;Pet 15504;7509527;A intimação foi recebida automaticamente pelo sistema em 11/05/2026, nos termos do art. 5º, §3º da Lei 11.419/2006.;fato_processual;;;209;1;A intimação foi recebida automaticamente pelo sistema, em 11/05/2026, nos termos do art. 5º, §3 da Lei 11.419/2006.;caso
2026-05-11;documento;decisao;Pet 15198;7473336;vista à Procuradoria-Geral da República para manifestação sobre os pedidos deduzidos por Henrique Moura Vorcaro (e-docs. 314 e 638) e por Thiago Assumpção Henriques (e-docs. 317 e 640) → determinou a abertura de vista à Procuradoria-Geral da República para manifestação sobre os pedidos pendentes;;;determinado_de_oficio;161;4;;caso
2026-05-11;portal;andamento;Pet 15198;7473336;"Despacho — ""1. Abra-se vista à Procuradoria-Geral da República para manifestação sobre os pedidos deduzidos por Henrique Moura Vorcaro (e-docs. 314 e 638) e por Thiago Assumpção Henriques (e-docs. 317 e 640). Brasília, 11 de maio de 2026.""";;;;;;;caso
2026-05-13;documento;assercao;Pet 15556;7514886;A Deputada Federal Luciene Cavalcante baseia sua notícia-crime em reportagem investigativa publicada pelo portal Intercept Brasil em 13 de maio de 2026.;alegacao_parte;Deputada Federal Luciene Cavalcante;;15;2;De acordo com a Deputada Federal Luciene Cavalcante, conforme noticiado em reportagem investigativa publicada pelo portal Intercept Brasil em 13 de maio de 2026;caso
2026-05-19;documento;assercao;Pet 15556;7514886;O parlamentar Henrique dos Santos Vieira Lima baseia sua notícia-crime em notícia do colunista Igor Gadelha (Metrópoles, 19/05/2026), que afirma ter sido posteriormente confirmada pelo próprio Senador ao jornal O Globo (19/05/2026).;alegacao_parte;Deputado Federal Henrique dos Santos Vieira Lima;;15;3;conforme noticiado pelo colunista Igor Gadelha (Metrópoles, 19/05/2026) e posteriormente confirmado pelo próprio Senador ao jornal O Globo (19/05/2026);caso
2026-05-19;documento;assercao;Inq 5026;7473347;A Deputada Luciene Cavalcante fundamenta o requerimento em arquivo de áudio divulgado pelo portal Intercept Brasil em 19 de maio de 2026, em que o representado teria agradecido Daniel Vorcaro pelo fomento concedido a obra cinematográfica sobre o ex-Presidente da República Jair Bolsonaro.;alegacao_parte;Deputada Luciene Cavalcante;;70;3;a partir de arquivo de áudio divulgado pelo portal virtual Intercept Brasil, em 19 de maio de 2026, em que o representado teria agradecido Daniel Vorcaro pelo fomento concedido em obra cinematográfica sobre o ex- Presidente da República, Jair Bolsonaro.;caso
2026-05-19;documento;assercao;Pet 15198;7473336;A decisão foi proferida em Brasília, em 19 de maio de 2026, pelo Ministro André Mendonça.;fato_processual;;;157;12;Brasília, 19 de maio de 2026. Ministro ANDRÉMENDONÇA Relator;caso
2026-05-19;documento;assercao;Pet 15198;7473336;A decisão foi proferida em Brasília, em 19 de maio de 2026, e é assinada pelo Ministro André Mendonça, relator.;fato_processual;;;158;10;Brasília, 19 de maio de 2026. Ministro ANDRÉMENDONÇA Relator;caso
2026-05-19;documento;assercao;Pet 15198;7473336;A decisão foi proferida em Brasília, em 19 de maio de 2026.;fato_processual;;;159;10;Brasília, 19 de maio de 2026.;caso
2026-05-19;documento;decisao;Pet 15198;7473336;restituição de 13 armas de fogo, carregadores e munições apreendidos na residência de Fernando Alves Vieira em cumprimento de mandado de busca e apreensão em 14/01/2026 → acolheu o parecer da Procuradoria-Geral da República e indeferiu o pedido de liberação total dos bens constritos, mantendo hígidas e integrais as medidas assecuratórias anteriormente decretadas;;;indeferido;157;12;;caso
2026-05-19;documento;decisao;Pet 15198;7473336;restituição dos veículos Mitsubishi Pajero HPE 3.2D e Land Rover Range Rover SVR apreendidos, mediante imposição de restrição de inalienabilidade e nomeação de Fernando Alves Vieira como fiel depositário → acolheu o parecer da Procuradoria-Geral da República e indeferiu o pedido de liberação total dos bens constritos, mantendo hígidas e integrais as medidas assecuratórias anteriormente decretadas;;;indeferido;157;12;;caso
2026-05-19;documento;decisao;Pet 15198;7473336;retificação do depósito judicial referente à quantia de R$ 184.750,00 apreendida na residência de Fernando Alves Vieira, vinculada ao nome de Wilson Augusto Alves → declarou nada a prover acerca do pleito, porquanto comprovado o depósito e o vínculo do valor em relação ao investigado;;;outro;157;12;;caso
2026-05-19;documento;decisao;Pet 15198;7473336;juntada de documentação acerca da destinação conferida às moedas estrangeiras apreendidas durante a diligência policial → considerou devidamente comprovada a destinação conferida à moeda estrangeira, com base na informação da autoridade policial e no Termo de Acolhimento de Bem e Valor Apreendido (e-Doc. 613, p. 9);;;outro;157;12;;caso
2026-05-19;documento;decisao;Pet 15198;7473336;revogação das medidas cautelares assecuratórias decretadas em desfavor de Maurício Antonio Quadrado, Luis Fernando de Almeida e Flávio Aguetoni → acolheu o parecer da Procuradoria-Geral da República e indeferiu o pedido de revogação das cautelares assecuratórias, mantendo hígidas e integrais as medidas anteriormente decretadas;;;indeferido;158;10;;caso
2026-05-19;documento;decisao;Pet 15198;7473336;restituição dos bens e valores apreendidos durante o cumprimento de mandado de busca e apreensão nas residências de Maurício Antonio Quadrado, Luis Fernando de Almeida e Flávio Aguetoni → acolheu o parecer da Procuradoria-Geral da República e indeferiu a restituição dos bens e valores constritos, mantendo hígidas e integrais as medidas assecuratórias anteriormente decretadas;;;indeferido;158;10;;caso
2026-05-19;documento;decisao;Pet 15198;7473336;revogação integral das medidas cautelares assecuratórias patrimoniais impostas a Felipe Cançado Vorcaro → acolheu o parecer da Procuradoria-Geral da República e indeferiu o pedido de revogação das medidas assecuratórias, mantendo íntegras as medidas anteriormente decretadas;;;indeferido;159;10;;caso
2026-05-19;documento;decisao;Pet 15198;7473336;restituição dos bens de titularidade de Felipe Cançado Vorcaro apreendidos em cumprimento de mandado de busca e apreensão em sua residência → indeferiu o pedido de restituição dos bens e valores constritos;;;indeferido;159;10;;caso
2026-05-19;documento;decisao;Pet 15198;7473336;subsidiariamente, limitação das constrições patrimoniais ao montante de R$ 1.604.420,41 → manteve íntegras as medidas assecuratórias anteriormente decretadas, sem limitação do montante;;;indeferido;159;10;;caso
2026-05-19;documento;decisao;Pet 15198;7473336;intimação da defesa e ciência à Procuradoria-Geral da República → determinou a intimação da defesa e ciência à Procuradoria-Geral da República;;;determinado_de_oficio;159;10;;caso
2026-05-20;documento;assercao;Pet 15556;7514886;A Secretaria Judiciária intimou o Procurador-Geral da República do inteiro teor do acórdão constante dos autos (peça ID babcbd95), publicado no DJe de 20/05/2026, em 1º de junho de 2026.;fato_processual;;;24;1;De ordem, a Secretaria Judiciária do Supremo Tribunal Federal INTIMA a parte abaixo identificada, ou quem as suas vezes fizer, do inteiro teor do(a) despacho/decisão constante dos autos (ID da peça: babcbd95), publicado no DJe de 20/05/2026;caso
2026-05-20;documento;assercao;Pet 15556;7514886;Consta como andamento a vista à PGR para fins de intimação, em 20/05/2026.;fato_processual;;;24;1;- Vista à PGR para fins de intimação - 20/05/2026;caso
2026-05-21;documento;assercao;Pet 15198;7473336;Consta como andamento a vista à PGR para fins de intimação, em 21/05/2026.;fato_processual;;;154;1;- Vista à PGR para fins de intimação - 21/05/2026;caso
2026-05-21;documento;assercao;Pet 15198;7473336;Houve vista à PGR para fins de intimação em 21/05/2026.;fato_processual;;;155;1;Vista à PGR para fins de intimação - 21/05/2026;caso
2026-05-21;portal;andamento;Pet 15198;7473336;Decisão (sigiloso) — 19/05/2026;;;;;;;caso
2026-05-21;portal;andamento;Pet 15198;7473336;Decisão (sigiloso) — 19/05/2026;;;;;;;caso
2026-05-21;portal;andamento;Pet 15198;7473336;Decisão (sigiloso) — 19/05/2026;;;;;;;caso
2026-05-29;documento;assercao;Pet 15556;7514886;A decisão foi proferida em Brasília, em 29 de maio de 2026, pelo relator, Ministro André Mendonça.;fato_processual;;;22;6;Brasília, 29 de maio de 2026. Ministro ANDRÉMENDONÇA Relator;caso
2026-05-29;documento;assercao;Pet 15556;7514886;A decisão foi proferida em Brasília, em 29 de maio de 2026, pelo Ministro André Mendonça.;fato_processual;;;23;5;Brasília, 29 de maio de 2026. Ministro ANDRÉMENDONÇA Relator;caso
2026-05-29;documento;decisao;Pet 15556;7514886;declaração da extinção da punibilidade de PHILLIPI MACHADO DE MORAES MOURÃO, em razão do falecimento do investigado, com esteio no art. 107, I, do CP → acolheu o parecer da Procuradoria-Geral da República e declarou extinta a punibilidade em relação a PHILLIPI MACHADO DE MORAES MOURÃO, nos termos do art. 107, inciso I, do Código Penal;;;deferido;22;5;;caso
2026-05-29;documento;decisao;Pet 15556;7514886;arquivamento das investigações em face do investigado falecido PHILLIPI MACHADO DE MORAES MOURÃO → determinou o arquivamento parcial das investigações;;;deferido;22;5;;caso
2026-05-29;documento;decisao;Pet 15556;7514886;manutenção das medidas assecuratórias patrimoniais (sequestro de bens e valores) em face de PHILLIPI MACHADO DE MORAES MOURÃO → manteve as medidas assecuratórias patrimoniais (sequestro de bens e valores) em face de PHILLIPI MACHADO DE MORAES MOURÃO, quanto à possível necessidade de reparação de prejuízos;;;determinado_de_oficio;22;5;;caso
2026-05-29;documento;decisao;Pet 15556;7514886;intimação da defesa com o inteiro teor da decisão → determinou a intimação da defesa;;;determinado_de_oficio;22;5;;caso
2026-05-29;documento;decisao;Pet 15556;7514886;expedição de ofício à autoridade policial com o inteiro teor da decisão → determinou a expedição de ofício à autoridade policial, com o inteiro teor da decisão, para as providências cabíveis;;;determinado_de_oficio;22;5;;caso
2026-05-29;documento;decisao;Pet 15556;7514886;revisão das medidas constritivas (sequestro e bloqueio de bens) determinadas contra Henrique Moura Vorcaro, com reconhecimento das circunstâncias alegadas sobre a natureza e a liquidez dos valores constritos → acolheu o parecer da Procuradoria-Geral da República e indeferiu o pedido, mantendo, por ora, as medidas assecuratórias anteriormente decretadas, sem prejuízo de ulterior análise quanto à tese de licitude e natureza dos créditos a partir da evolução das investigações;;;indeferido;23;5;;caso
2026-06-01;documento;assercao;Pet 15556;7514886;"É registrado nos autos o andamento ""Vista à PGR para fins de intimação"", datado de 01/06/2026.";fato_processual;;;18;1;Vista à PGR para fins de intimação - 01/06/2026;caso
2026-06-01;documento;assercao;Pet 15556;7514886;"Consta o andamento ""Vista à PGR para fins de intimação"", registrado em 01/06/2026.";fato_processual;;;19;1;Vista à PGR para fins de intimação - 01/06/2026;caso
2026-06-01;documento;assercao;Pet 15556;7514886;A intimação foi recebida automaticamente pelo sistema, em 01/06/2026, nos termos do art. 5º, §3 da Lei 11.419/2006.;fato_processual;;;24;1;A intimação foi recebida automaticamente pelo sistema, em 01/06/2026, nos termos do art. 5º, §3 da Lei 11.419/2006.;caso
2026-06-01;documento;assercao;Pet 15198;7473336;O despacho foi proferido em Brasília, em 1º de junho de 2026, e assinado pelo Ministro André Mendonça, relator.;fato_processual;;;153;4;Brasília, 1º de junho de 2026. Ministro ANDRÉMENDONÇA Relator;caso
2026-06-01;documento;assercao;Pet 15198;7473336;A intimação foi recebida automaticamente pelo sistema, em 01/06/2026, nos termos do art. 5º, §3 da Lei 11.419/2006.;fato_processual;;;154;1;A intimação foi recebida automaticamente pelo sistema, em 01/06/2026, nos termos do art. 5º, §3 da Lei 11.419/2006.;caso
2026-06-01;documento;assercao;Pet 15198;7473336;A intimação foi recebida automaticamente pelo sistema, em 01/06/2026.;fato_processual;;;155;1;"A intimação foi recebida automaticamente pelo
sistema, em 01/06/2026, nos termos do art. 5º, §3
da Lei 11.419/2006.";caso
2026-06-01;documento;assercao;Pet 15198;7473336;A intimação foi recebida automaticamente pelo sistema em 01/06/2026, nos termos do art. 5º, §3º da Lei 11.419/2006.;fato_processual;;;156;1;A intimação foi recebida automaticamente pelo sistema, em 01/06/2026, nos termos do art. 5º, §3 da Lei 11.419/2006.;caso
2026-06-01;documento;decisao;Pet 15198;7473336;vista à Procuradoria-Geral da República para manifestação sobre o agravo regimental interposto por Fernando Alves Vieira (e-doc. 670) → determinou a abertura de vista à Procuradoria-Geral da República para manifestação sobre o agravo regimental interposto por Fernando Alves Vieira (e-doc. 670);;;determinado_de_oficio;153;4;;caso
2026-06-01;portal;andamento;Pet 15556;7514886;Decisão (sigiloso) — Em 29/05/2026;;;;;;;caso
2026-06-01;portal;andamento;Pet 15556;7514886;Decisão (sigiloso) — Em 29/05/2026;;;;;;;caso
2026-06-03;documento;assercao;Pet 15556;7514886;Consta como andamento a vista à PGR para fins de intimação em 03/06/2026.;fato_processual;;;20;1;Vista à PGR para fins de intimação - 03/06/2026;caso
2026-06-03;documento;assercao;Pet 15556;7514886;A decisão foi assinada em Brasília, em 03 de junho de 2026, pelo Ministro André Mendonça, relator.;fato_processual;;;21;7;Brasília, 03 de junho de 2026. Ministro ANDRÉMENDONÇA Relator;caso
2026-06-03;documento;assercao;Pet 15198;7473336;O despacho foi proferido em Brasília, em 3 de junho de 2026, e assinado pelo Ministro André Mendonça, relator.;fato_processual;;;151;4;Brasília, 3 de junho de 2026. Ministro ANDRÉMENDONÇA Relator;caso
2026-06-03;documento;decisao;Pet 15556;7514886;desbloqueio das contas bancárias de titularidade de Marilson Roseno da Silva, inclusive a conta destinada ao recebimento de sua aposentadoria → indeferiu o pedido de desbloqueio das contas bancárias de titularidade de Marilson Roseno da Silva, por recaírem sobre elas constrições incidentes também sobre outros valores;;;indeferido;21;6;;caso
2026-06-03;documento;decisao;Pet 15556;7514886;pedido subsidiário de que os valores mensalmente pagos a Marilson Roseno da Silva a título de aposentadoria sejam depositados em conta de titularidade de sua esposa → deferiu o pedido subsidiário para que os proventos de aposentadoria de Marilson Roseno da Silva sejam futuramente depositados em conta de titularidade de sua esposa Julia Cristina Alves Ribeiro;;;deferido;21;6;;caso
2026-06-03;documento;decisao;Pet 15198;7473336;vista à Procuradoria-Geral da República para manifestação sobre o agravo regimental interposto por Maurício Antonio Quadrado, Luís Fernando de Almeida e Flávio Daniel Aguetoni (e-doc. 684) → determinou a abertura de vista à Procuradoria-Geral da República para manifestação sobre o agravo regimental interposto por Maurício Antonio Quadrado, Luís Fernando de Almeida e Flávio Daniel Aguetoni (e-doc. 684);;;determinado_de_oficio;151;4;;caso
2026-06-03;portal;andamento;Pet 15556;7514886;Decisão (sigiloso) — 3/6/2026;;;;;;;caso
2026-06-03;portal;andamento;Pet 15198;7473336;Interposto agravo regimental — Juntada Petição: 73734/2026;;;;;;;caso
2026-06-03;portal;andamento;Pet 15198;7473336;Interposto agravo regimental — Juntada Petição: 72208/2026;;;;;;;caso
2026-06-03;portal;andamento;Pet 15198;7473336;Despacho;;;;;;;caso
2026-06-04;documento;assercao;Pet 15556;7514886;A intimação é recebida eletronicamente por Erika Palmeira de Souza Barreto, CPF 00203577108, em 04/06/2026.;fato_processual;;;18;1;A intimação foi recebida eletronicamente por ERIKA PALMEIRA DE SOUZA BARRETO, 00203577108, em 04/06/2026.;caso
2026-06-04;documento;assercao;Pet 15556;7514886;A intimação foi recebida eletronicamente por Erika Palmeira de Souza Barreto, CPF 00203577108, em 04/06/2026.;fato_processual;;;19;1;A intimação foi recebida eletronicamente por ERIKA PALMEIRA DE SOUZA BARRETO, 00203577108, em 04/06/2026.;caso
2026-06-04;documento;assercao;Pet 15556;7514886;A intimação foi recebida eletronicamente por ERIKA PALMEIRA DE SOUZA BARRETO em 04/06/2026.;fato_processual;;;20;1;A intimação foi recebida eletronicamente por ERIKA PALMEIRA DE SOUZA BARRETO, 00203577108, em 04/06/2026.;caso
2026-06-05;portal;andamento;Pet 15198;7473336;"Despacho — ""1. Abra-se vista à Procuradoria-Geral da República, para manifestação sobre o agravo regimental interposto por Maurício Antonio Quadrado, Luís Fernando de Almeida e Flávio Daniel Aguetoni (e-doc. 684). Brasília, 3 de junho de 2026.""";;;;;;;caso
2026-06-11;documento;assercao;Pet 15198;7473336;O despacho foi proferido em Brasília, em 11 de junho de 2026, pelo relator, Ministro André Mendonça.;fato_processual;;;149;6;Brasília, 11 de junho de 2026. Ministro ANDRÉMENDONÇA Relator;caso
2026-06-11;documento;decisao;Pet 15198;7473336;instauração de procedimento autônomo perante o STF, na classe Inquérito (INQ), com traslado do apuratório oriundo da 8ª Vara Criminal Federal de São Paulo, para que nele tramite a investigação principal → determinou a instauração de procedimento investigatório apartado, autuado como Inquérito (INQ) autônomo, com traslado de toda a apuração oriunda da 8ª Vara Criminal Federal de São Paulo, passando a investigação principal a tramitar no novo procedimento;;;deferido;149;5;;caso
2026-06-11;documento;decisao;Pet 15198;7473336;manutenção da PET nº 15.198 em tramitação apartada, com escopo restrito ao processamento e acompanhamento das medidas cautelares em curso ou supervenientes → determinou que permaneça na PET nº 15.198, exclusivamente, o processamento e acompanhamento das medidas cautelares em curso e a tais relacionadas;;;deferido;149;5;;caso
2026-06-11;documento;decisao;Pet 15198;7473336;ciência ao Ministério Público Federal e vista à Polícia Federal após a nova autuação → determinou que, procedida a nova autuação, seja cientificado o Ministério Público Federal e aberta vista à Polícia Federal para prosseguimento das diligências investigativas;;;determinado_de_oficio;149;5;;caso
2026-06-11;portal;andamento;Pet 15198;7473336;"Despacho — ""(...) Ante o exposto, determino a instauração de procedimento investigatório apartado, autuado como INQUÉRITO (INQ) autônomo, para o qual deverá ser trasladado toda a apuração oriunda da 8ª Vara Criminal Federal de São Paulo, e que neste novo procedimento passe a tramitar a investigação principal, e permaneça nesta PET nº 15.198, exclusivamente, o processamento e acompanhamento das medidas cautelares em curso e a tais relacionadas. 8. Procedida a nova autuação, cientifique-se o Ministério Público Federal, e abra-se vista à Polícia Federal para prosseguimento das diligências investigativas. Brasília, 11 de junho de 2026.""";;;;;;;caso
2026-06-12;documento;assercao;Inq 5026;7473347;"É registrado nos autos o andamento ""Vista à PGR para fins de intimação"", datado de 12/06/2026.";fato_processual;;;71;1;Vista à PGR para fins de intimação - 12/06/2026;caso
2026-06-12;documento;assercao;Inq 5026;7473347;A decisão foi proferida em Brasília, em 12 de junho de 2026, pelo Ministro André Mendonça, relator.;fato_processual;;;72;4;Brasília, 12 de junho de 2026. Ministro ANDRÉMENDONÇA Relator;caso
2026-06-12;documento;decisao;Inq 5026;7473347;autorização para Alberto Felix de Oliveira Neto deslocar-se à Capital Federal para atendimento de intimação para prestar declarações nos autos do inquérito policial nº 2025.0087917-SR/PF/DF → deferiu o pedido, em caráter excepcional e temporário, para autorizar o deslocamento de Alberto Felix de Oliveira Neto nas condições enumeradas;;;deferido;72;3;;caso
2026-06-12;documento;decisao;Inq 5026;7473347;autorização aos demais investigados com medidas pessoais restritivas de liberdade para realizar o mesmo deslocamento à unidade policial, para serem inquiridos → autorizou, desde já, os demais investigados com medidas pessoais restritivas de liberdade a realizar o mesmo deslocamento à unidade policial, para serem inquiridos;;;determinado_de_oficio;72;4;;caso
2026-06-12;portal;andamento;Inq 5026;7473347;Decisão (sigiloso);;;;;;;caso
2026-06-16;documento;assercao;Inq 5026;7473347;O requerente ficou autorizado a deslocar-se, estritamente, no dia e ao local constantes do mandado judicial (e-doc. 872), à Delegacia de Inquéritos Especiais - DELEINQUE/DRPJ/SR/PF/DF, SAIS Quadra 7 - Lote 23 - Setor Policial Sul, Brasília-DF, em 16/06/2026, sendo-lhe vedado permanecer em qualquer outro endereço.;fato_processual;;;72;3;o requerente fica autorizado a deslocar-se, estritamente, no dia e ao local constantes do mandado judicial (e-doc. 872), in casu, à DELEGACIA DE INQUÉRITOS ESPECIAIS - DELEINQUE/DRPJ/SR/PF/DF. SAIS Quadra 7 - Lote 23 - Setor Policial Sul Brasília-DF, em 16/06/2026;caso
2026-06-19;documento;assercao;Pet 15198;7473336;O despacho foi proferido em Brasília, em 19 de junho de 2026, pelo Ministro André Mendonça.;fato_processual;;;148;4;Brasília, 19 de junho de 2026. Ministro ANDRÉMENDONÇA;caso
2026-06-19;documento;decisao;Pet 15198;7473336;instauração de procedimento investigatório apartado, autuado como INQUÉRITO (INQ) autônomo, com traslado da apuração oriunda da 8ª Vara Criminal Federal de São Paulo (e-Docs. 720 a 964) → determinou a instauração de procedimento investigatório apartado, autuado como INQUÉRITO (INQ) autônomo, para o qual deverá ser trasladada toda a apuração oriunda da 8ª Vara Criminal Federal de São Paulo (e-Docs. 720 a 964);;;determinado_de_oficio;148;4;;caso
2026-06-19;documento;decisao;Pet 15198;7473336;conclusão dos autos ao relator após o cumprimento da instauração do inquérito apartado → determinou que, cumprida a instauração do procedimento apartado, os autos tornem conclusos para apreciação;;;determinado_de_oficio;148;4;;caso
2026-06-19;portal;andamento;Pet 15198;7473336;Despacho;;;;;;;caso
2026-06-22;documento;assercao;Inq 5026;7473347;A intimação é recebida automaticamente pelo sistema, em 22/06/2026, nos termos do art. 5º, §3, da Lei 11.419/2006.;fato_processual;;;71;1;A intimação foi recebida automaticamente pelo sistema, em 22/06/2026, nos termos do art. 5º, §3 da Lei 11.419/2006.;caso
2026-06-22;documento;assercao;Pet 15198;7473336;A intimação foi recebida automaticamente pelo sistema em 22/06/2026, nos termos do art. 5º, §3º da Lei 11.419/2006.;fato_processual;;;147;1;A intimação foi recebida automaticamente pelo sistema, em 22/06/2026, nos termos do art. 5º, §3 da Lei 11.419/2006.;caso
2026-06-26;documento;assercao;Pet 15198;7473336;O despacho foi proferido em Brasília, em 26 de junho de 2026, e assinado pelo Ministro André Mendonça, relator.;fato_processual;;;146;4;Brasília, 26 de junho de 2026. Ministro ANDRÉMENDONÇA Relator;caso
2026-06-26;documento;decisao;Pet 15198;7473336;autuação, pela Secretaria Judiciária, de novo procedimento na classe Inquérito (INQ) para cada um dos processos disponibilizados pela Procuradoria-Geral da República (e-doc. 984), com desentranhamento dos documentos de transmissão (e-Docs. 983 a 985) → determinou que a Secretaria Judiciária inaugure um novo procedimento para cada processo, autuando-os na classe Inquérito (INQ), com cópia dos documentos de transmissão (e-Docs. 983 a 985), a serem desentranhados do presente feito;;;determinado_de_oficio;146;4;;caso
2026-06-26;portal;andamento;Pet 15198;7473336;Despacho;;;;;;;caso
2026-06-30;documento;assercao;Pet 15556;7514886;O despacho foi proferido em Brasília, em 30 de junho de 2026.;fato_processual;;;17;2;Brasília, 30 de junho de 2026.;caso
2026-06-30;documento;decisao;Pet 15556;7514886;vista à Procuradoria-Geral da República para manifestação sobre os pedidos de substituição da monitoração eletrônica (e-doc. 149), de oitiva de Daniel Bueno Vorcaro (e-doc. 418), de revogação da prisão preventiva (e-doc. 306) e de restituição de bens apreendidos (e-docs. 425 e 433) → determinou a abertura de vista à Procuradoria-Geral da República para manifestação sobre os pedidos pendentes;;;determinado_de_oficio;17;2;;caso
2026-07-01;documento;assercao;Pet 15556;7514886;A Secretaria Judiciária faz remessa dos autos com vista ao Procurador-Geral da República, em 1º de julho de 2026.;fato_processual;;;16;1;De ordem, a Secretaria Judiciária faz remessa desses autos com vista ao Excelentíssimo Senhor Procurador-Geral da República. Brasília, 1º de julho de 2026.;caso
2026-07-01;portal;andamento;Pet 15556;7514886;Despacho — Em 30/06/2026;;;;;;;caso
2026-07-06;documento;assercao;Inq 5026;7473347;Consta como andamento a vista à PGR para fins de intimação em 06/07/2026.;fato_processual;;;69;1;Vista à PGR para fins de intimação - 06/07/2026;caso
2026-07-06;documento;assercao;Inq 5026;7473347;O despacho foi proferido em Brasília, em 6 de julho de 2026, pelo relator, Ministro André Mendonça.;fato_processual;;;70;5;Brasília, 6 de julho de 2026. Ministro ANDRÉMENDONÇA Relator;caso
2026-07-06;documento;assercao;Pet 15198;7473336;O despacho foi proferido em Brasília, em 6 de julho de 2026, pelo Ministro André Mendonça, relator.;fato_processual;;;145;5;Brasília, 6 de julho de 2026. Ministro ANDRÉMENDONÇA Relator;caso
2026-07-06;documento;decisao;Inq 5026;7473347;inclusão de investigado e apuração de fatos novos em face do Deputado Mario Frias (e-Doc. 822) → determinou o desentranhamento da petição e anexos (e-Docs. 823 a 827) para autuação em procedimento autônomo na classe PET, vinculado ao Inquérito em razão da conexão temática, sem apreciação do pedido;;;outro;70;4;;caso
2026-07-06;documento;decisao;Inq 5026;7473347;apuração de fatos novos e inclusão de investigado em face de Ricardo Nunes, Prefeito do Município de São Paulo à época (e-Doc. 831) → determinou o desentranhamento da petição e anexos (e-Docs. 832 a 834) para autuação em procedimento autônomo na classe PET, vinculado ao Inquérito em razão da conexão temática, sem apreciação do pedido;;;outro;70;4;;caso
2026-07-06;documento;decisao;Inq 5026;7473347;instauração de procedimentos investigatórios e reabertura de inquéritos já arquivados, por notícia-crime (e-Doc. 837) → determinou o desentranhamento da petição e anexo (e-Doc. 838) para autuação em procedimento autônomo na classe PET, vinculado ao Inquérito em razão da conexão temática, sem apreciação do pedido;;;outro;70;5;;caso
2026-07-06;documento;decisao;Inq 5026;7473347;comunicação de irregularidades identificadas no conglomerado liderado pela Entrepay Instituição de Pagamento S.A., com conexão com a Operação Compliance Zero (e-Doc. 869) → determinou o desentranhamento da petição e anexo para autuação em procedimento autônomo na classe PET, vinculado ao Inquérito em razão da conexão temática, sem apreciação do conteúdo;;;outro;70;5;;caso
2026-07-06;documento;decisao;Inq 5026;7473347;traslado de cópia da decisão a cada uma das novas PETs criadas → determinou o traslado de cópia da decisão a cada uma das novas PETs criadas;;;determinado_de_oficio;70;5;;caso
2026-07-06;documento;decisao;Inq 5026;7473347;intimação do Procurador subscrevente da informação do Banco Central (e-Doc. 869) para traslado do processo eletrônico PE nº 307103 ao novo procedimento → determinou à Secretaria Judiciária a intimação do Procurador subscrevente, no bojo da nova PET autônoma, para as providências de traslado do processo eletrônico PE nº 307103;;;determinado_de_oficio;70;5;;caso
2026-07-06;documento;decisao;Inq 5026;7473347;conclusão dos novos procedimentos para apreciação específica → determinou que, cumpridas as determinações, os novos procedimentos sejam tornados conclusos para apreciação específica;;;determinado_de_oficio;70;5;;caso
2026-07-06;documento;decisao;Pet 15198;7473336;desentranhamento da Petição nº 79635/2026 (pedido de revogação da prisão preventiva de Henrique Moura Vorcaro) e documentos que a acompanham (e-Docs. 965 a 972) para juntada na PET 15.978 → determinou o desentranhamento do pedido e documentos (e-Docs. 965 a 972) para juntada na PET 15.978, com cópia da decisão, a fim de que o pedido seja apreciado naquele feito;;;determinado_de_oficio;145;4;;caso
2026-07-06;documento;decisao;Pet 15198;7473336;abertura de vista à Procuradoria-Geral da República, na PET 15.978, para manifestação sobre o pedido de revogação da prisão preventiva → determinou que, cumprida a juntada, seja aberta vista à Procuradoria-Geral da República naquele feito para manifestação sobre o pedido;;;determinado_de_oficio;145;4;;caso
2026-07-06;portal;andamento;Inq 5026;7473347;Decisão (sigiloso) — 06/07/2026;;;;;;;caso
2026-07-07;portal;andamento;Pet 15198;7473336;"Despacho — ""(...) desentranhe-se o pedido com os documentos que o acompanham (e-Docs. 965 a 972), para sua juntada na PET 15.978, com cópia da presente decisão. 5. Cumprido o item anterior, naquele feito, abra-se vista à Procuradoria-Geral da República para manifestação sobre o pedido. Brasília, 6 de julho de 2026";;;;;;;caso
2026-07-12;documento;assercao;Pet 15556;7514886;O despacho foi assinado em Brasília, em 12 de julho de 2026, pelo Ministro André Mendonça, Relator.;fato_processual;;;15;5;Brasília, 12 de julho de 2026. Ministro ANDRÉMENDONÇA Relator;caso
2026-07-12;documento;decisao;Pet 15556;7514886;"remessa dos autos à Procuradoria-Geral da República para adoção das providências cabíveis, notadamente a instauração de inquérito policial para apuração dos fatos narrados na notícia-crime em face do Senador Flávio Nantes Bolsonaro (e-doc. 392) → não decidiu o pedido; determinou o desentranhamento da petição (e-Doc. 392) e anexos (e-Docs. 393 a 397) para autuação em procedimento autônomo na classe PET, vinculada à Pet. 16.292, a ser processado em conexão com as Pets nº 16.292, 16.078, 16.063 e 16.059";;;outro;15;4;;caso
2026-07-12;documento;decisao;Pet 15556;7514886;"investigação formal pelo Supremo Tribunal Federal dos fatos narrados na notícia-crime em face do Senador Flávio Nantes Bolsonaro (e-doc. 402) → não decidiu o pedido; determinou o desentranhamento da petição (e-Doc. 402) e anexos (e-Docs. 403) para autuação em procedimento autônomo na classe PET, vinculada à Pet. 16.292, a ser processado em conexão com as Pets nº 16.292, 16.078, 16.063 e 16.059";;;outro;15;4;;caso
2026-07-12;documento;decisao;Pet 15556;7514886;translado de cópia da decisão a cada uma das novas PETs criadas → determinou o translado de cópia da decisão a cada uma das novas PETs criadas;;;determinado_de_oficio;15;4;;caso
2026-07-12;documento;decisao;Pet 15556;7514886;vista ao Ministério Público Federal, após a nova autuação separada de cada pedido, para manifestação sobre o pedido objeto das petições → determinou a abertura de vista ao Ministério Público Federal, após a nova autuação separada, para manifestação específica e fundamentada sobre o pedido objeto das petições;;;determinado_de_oficio;15;5;;caso
2026-07-13;documento;assercao;Pet 15556;7514886;Consta como andamento a vista à PGR para fins de intimação, em 13/07/2026.;fato_processual;;;14;1;- Vista à PGR para fins de intimação - 13/07/2026;caso
2026-07-13;documento;decisao;Pet 15504;7509527;prorrogação de prazo para a realização de diligências complementares para a ultimação das investigações → deferiu a prorrogação de prazo por mais 60 (sessenta) dias, com fulcro no artigo 230-C, § 1º, do RISTF;;;deferido;207;2;;caso
2026-07-13;documento;decisao;Pet 15504;7509527;remessa dos autos à Polícia Federal para continuidade das investigações → determinou a remessa dos autos à Polícia Federal para a continuidade das investigações;;;determinado_de_oficio;207;2;;caso
2026-07-13;portal;andamento;Pet 15556;7514886;"Despacho — ""(...) 6. Por isso, buscando preservar o bom andamento deste procedimento, bem como dos pedidos especificamente formulados no bojo de cada uma das petições indicadas, determino o seu desentranhamento, bem como dos documentos a elas acostados, para autuação em procedimento autônomo (na classe processual PET), a serem processados em conexão com os demais feitos que versam sobre os mesmos fatos específicos (Pets nº 16.292, 16.078, 16.063, 16.059). 7. À Secretaria Judiciária, para que promova: a) O desentranhamento da Petição encartada ao e-Doc. 392, com os respectivos anexos (e-Docs. 393 a 397), para autuação em procedimento autônomo, com a adoção da classe PET, vinculada à Pet. 16.292 em razão da conexão temática; b) O desentranhamento da Petição encartada ao e-Doc. 402, com os respectivos anexos (e-Docs. 403), para autuação em procedimento autônomo, com a adoção da classe PET, vinculada à Pet. 16.292 em razão da conexão temática. 8. Translade-se cópia da presente decisão a cada uma das novas PETs criadas. (...).""";;;;;;;caso
2026-07-14;documento;assercao;Pet 15504;7509527;"Consta o andamento ""Vista à PGR para fins de intimação"", registrado em 14/07/2026.";fato_processual;;;206;1;Vista à PGR para fins de intimação - 14/07/2026;caso
2026-07-14;portal;andamento;Pet 15504;7509527;Despacho;;;;;;;caso
2026-07-16;documento;assercao;Inq 5026;7473347;A intimação foi recebida automaticamente pelo sistema em 16/07/2026, nos termos do art. 5º, §3º da Lei 11.419/2006.;fato_processual;;;69;1;A intimação foi recebida automaticamente pelo sistema, em 16/07/2026, nos termos do art. 5º, §3 da Lei 11.419/2006.;caso
2026-07-20;documento;assercao;Pet 15198;7473336;A decisão é datada de Brasília, 20 de julho de 2026, e assinada pelo Ministro André Mendonça, Relator.;fato_processual;;;144;13;Brasília, 20 de julho de 2026. Ministro ANDRÉMENDONÇA Relator;caso
2026-07-20;documento;decisao;Pet 15198;7473336;restituição dos seis veículos automotores apreendidos na residência de Henrique Moura Vorcaro em cumprimento de mandado de busca e apreensão em 14/01/2026 → acolheu o parecer da Procuradoria-Geral da República e indeferiu o pedido de liberação total dos bens constritos, mantendo hígidas e integrais as medidas assecuratórias anteriormente decretadas;;;indeferido;144;13;;caso
2026-07-20;documento;decisao;Pet 15198;7473336;pedido subsidiário de devolução da posse dos veículos apreendidos mediante nomeação de Henrique Moura Vorcaro como fiel depositário → rechaçou a pretensão de nomeação do próprio investigado como depositário judicial dos bens apreendidos;;;indeferido;144;12;;caso
2026-07-20;documento;decisao;Pet 15198;7473336;restituição dos dois veículos apreendidos na residência de Thiago Assumpção Henriques em cumprimento de mandado de busca e apreensão em 14/01/2026 → acolheu o parecer da Procuradoria-Geral da República e indeferiu o pedido de liberação total dos bens constritos, mantendo hígidas e integrais as medidas assecuratórias anteriormente decretadas;;;indeferido;144;13;;caso
2026-07-20;documento;decisao;Pet 15198;7473336;restituição da posse dos dois veículos apreendidos a Thiago Assumpção Henriques na condição de fiel depositário → rechaçou a pretensão de nomeação do próprio investigado como depositário judicial dos bens apreendidos;;;indeferido;144;12;;caso
2026-07-20;documento;decisao;Pet 15198;7473336;acesso aos autos pela defesa de Henrique Moura Vorcaro → reiterou a concessão de acesso aos autos aos patronos de Henrique Moura Vorcaro;;;outro;144;13;;caso
2026-07-20;documento;decisao;Pet 15198;7473336;habilitação e acesso da defesa de Thiago Assumpção Henriques aos elementos já documentados nos autos → reiterou a concessão de acesso aos autos aos patronos de Thiago Assumpção Henriques;;;outro;144;13;;caso
2026-07-20;portal;andamento;Pet 16440;7649959;Autuado;;;;;;;caso
2026-07-20;portal;andamento;Pet 16441;7649960;Autuado;;;;;;;caso
2026-07-21;documento;assercao;Pet 15198;7473336;Consta como andamento a vista à PGR para fins de intimação em 21/07/2026.;fato_processual;;;141;1;Vista à PGR para fins de intimação - 21/07/2026;caso
2026-07-21;portal;andamento;Pet 15198;7473336;Decisão (sigiloso);;;;;;;caso
2026-07-22;documento;assercao;Pet 15198;7473336;O despacho foi proferido em Brasília, em 22 de julho de 2026, e assinado pelo Ministro André Mendonça, relator.;fato_processual;;;143;4;Brasília, 22 de julho de 2026. Ministro ANDRÉMENDONÇA Relator;caso
2026-07-22;documento;assercao;Pet 15499;7509111;Consta como andamento a vista à PGR para fins de intimação em 22/07/2026.;fato_processual;;;192;1;Vista à PGR para fins de intimação - 22/07/2026;caso
2026-07-22;documento;assercao;Pet 15499;7509111;A Secretaria Judiciária informa que os autos foram disponibilizados à autoridade policial, em 22 de julho de 2026.;fato_processual;;;193;1;A Secretaria Judiciária informa que, nesta data, os autos foram disponibilizados à autoridade policial. Brasília, 22 de julho de 2026.;caso
2026-07-22;documento;decisao;Pet 15198;7473336;vista à Procuradoria-Geral da República para manifestação sobre o pedido formulado por VICENTE CONTE NETO (e-doc. 1010) → determinou a abertura de vista à Procuradoria-Geral da República para manifestação sobre o pedido de VICENTE CONTE NETO;;;determinado_de_oficio;143;4;;caso
2026-07-22;documento;decisao;Pet 15499;7509111;prorrogação de prazo para a realização de diligências complementares nas investigações (e-Doc. 44) → deferiu a prorrogação de prazo por mais 60 (sessenta) dias, com fulcro no artigo 230-C, § 1º, do RISTF, e determinou a remessa dos autos à Polícia Federal para a continuidade das investigações;;;deferido;194;1;;caso
2026-07-22;portal;andamento;Pet 15198;7473336;"Despacho — ""(...) Abra-se vista à Procuradoria-Geral da República, para manifestação sobre o pedido formulado por VICENTE CONTE NETO (e doc. 1010). Brasília, 22 de julho de 2026.""";;;;;;;caso
2026-07-22;portal;andamento;Pet 15499;7509111;"Decisão (sigiloso) — ""1. A autoridade policial requer a prorrogação de prazo para a realização de diligências complementares que reputa imprescindíveis para a ultimação das investigações (e-Doc. 44). 2. Com fulcro no artigo 230-C, § 1º, do RISTF defiro a prorrogação de prazo, por mais 60 (sessenta) dias. 3. Remetam-se os autos à Polícia Federal para a continuidade das investigações. Brasília, 22 de julho de 2026.""";;;;;;;caso
2026-07-22;portal;andamento;Pet 16440;7649959;Distribuído por prevenção;;;;;;;caso
2026-07-22;portal;andamento;Pet 16441;7649960;Distribuído por prevenção;;;;;;;caso
2026-07-23;documento;assercao;Pet 15556;7514886;A decisão foi proferida em Brasília, em 23 de julho de 2026, pelo Ministro André Mendonça, relator.;fato_processual;;;12;5;Brasília, 23 de julho de 2026. Ministro ANDRÉMENDONÇA Relator;caso
2026-07-23;documento;assercao;Pet 15556;7514886;A intimação foi recebida automaticamente pelo sistema, em 23/07/2026, nos termos do art. 5º, §3 da Lei 11.419/2006.;fato_processual;;;14;1;A intimação foi recebida automaticamente pelo sistema, em 23/07/2026, nos termos do art. 5º, §3 da Lei 11.419/2006.;caso
2026-07-23;documento;decisao;Pet 15556;7514886;autorização para que o contato de Fabiano Campos Zettel com seus procuradores seja feito em sala reservada → acolheu o parecer da Procuradoria-Geral da República e indeferiu o pedido de atendimento em sala reservada;;;indeferido;12;4;;caso
2026-07-23;documento;decisao;Pet 15556;7514886;autorização para que o estabelecimento prisional permita a entrada de aparelho televisor na cela de Fabiano Campos Zettel → acolheu o parecer da Procuradoria-Geral da República e indeferiu o pedido de entrada de aparelho de televisão;;;indeferido;12;4;;caso
2026-07-24;documento;assercao;Pet 15556;7514886;A decisão foi assinada em Brasília, em 24 de julho de 2026, pelo Ministro André Mendonça, relator.;fato_processual;;;11;6;Brasília, 24 de julho de 2026. Ministro ANDRÉMENDONÇA Relator;caso
2026-07-24;documento;assercao;Pet 15556;7514886;A decisão foi proferida em Brasília, em 24 de julho de 2026, pelo Ministro ANDRÉ MENDONÇA.;fato_processual;;;13;10;Brasília, 24 de julho de 2026. Ministro ANDRÉ MENDONÇA;caso
2026-07-24;documento;assercao;Pet 15504;7509527;A intimação foi recebida automaticamente pelo sistema em 24/07/2026, nos termos do art. 5º, §3 da Lei 11.419/2006.;fato_processual;;;206;1;A intimação foi recebida automaticamente pelo sistema, em 24/07/2026, nos termos do art. 5º, §3 da Lei 11.419/2006.;caso
2026-07-24;documento;decisao;Pet 15556;7514886;compartilhamento de elementos informativos constantes de processos judiciais relacionados à Operação Compliance Zero, para instrução de investigações preliminares, sindicâncias patrimoniais e eventual instauração de PAR e PAD → deferiu o pedido formulado no Ofício nº 3848/2026/SIPRI/CGU e determinou o compartilhamento dos elementos informativos que guardem pertinência com os fatos e pessoas constantes dos processos judiciais relacionados à Operação Compliance Zero;;;deferido;11;5;;caso
2026-07-24;documento;decisao;Pet 15556;7514886;juntada do Ofício referido na decisão e adoção das providências cabíveis, inclusive quanto à forma segura de disponibilização dos dados → determinou à Secretaria Judiciária a juntada do Ofício e a adoção das providências cabíveis, inclusive quanto à forma segura de disponibilização dos dados;;;determinado_de_oficio;11;6;;caso
2026-07-24;documento;decisao;Pet 15556;7514886;ciência da decisão à Procuradoria-Geral da República → determinou que se dê ciência à Procuradoria-Geral da República;;;determinado_de_oficio;11;6;;caso
2026-07-24;documento;decisao;Pet 15556;7514886;autorização para oitiva do investigado DANIEL BUENO VORCARO, com fixação de data e local, para instrução dos Inquéritos Administrativos nº 19957.005195/2025-70, 19957.010013/2025-82 e 19957.012897/2025-18 em curso perante a CVM → deferiu o pedido e autorizou a realização da oitiva do investigado, presencialmente ou por videoconferência, em data e horário a serem fixados consensualmente entre a CVM e a administração da unidade prisional, com ciência da defesa técnica;;;deferido;13;8;;caso
2026-07-24;documento;decisao;Pet 15556;7514886;fixação da forma de realização da oitiva, preferencialmente presencial nas dependências do estabelecimento prisional, subsidiariamente por videoconferência → autorizou a oitiva presencialmente ou por videoconferência e determinou que, na hipótese de depoimento presencial, o ato seja realizado nas dependências do estabelecimento prisional, em sala reservada, dispensado o deslocamento do depoente;;;deferido;13;9;;caso
2026-07-24;documento;decisao;Pet 15556;7514886;prévia intimação da defesa técnica do investigado para acompanhamento da oitiva → determinou a prévia intimação da defesa técnica do investigado da data designada;;;deferido;13;9;;caso
2026-07-24;documento;decisao;Pet 15556;7514886;expedição de ofício ao estabelecimento prisional em que está custodiado o investigado DANIEL VORCARO → determinou à Secretaria do Tribunal que expeça ofício ao estabelecimento prisional comunicando a necessidade de realização do ato e requerendo cooperação para disponibilização de sala reservada e condições logísticas;;;determinado_de_oficio;13;9;;caso
2026-07-24;documento;decisao;Pet 15556;7514886;intimação da requerente, das defesas constituídas, da Polícia Federal e do local de custódia, com remessa de cópia integral da decisão → determinou a intimação da parte requerente, das defesas constituídas, da Polícia Federal e do local de custódia para as providências necessárias ao depoimento;;;determinado_de_oficio;13;10;;caso
2026-07-24;documento;decisao;Pet 15556;7514886;vista à Procuradoria-Geral da República após o cumprimento das determinações → determinou a abertura de vista à Procuradoria-Geral da República após cumpridas as determinações;;;determinado_de_oficio;13;10;;caso
2026-07-24;portal;andamento;Pet 15556;7514886;"Decisão (sigiloso) — ""(...) 10. Ante o exposto, acolho o parecer da Procuradoria-Geral da República para indeferir os pedidos formulados por Fabiano Campos Zettel (Petição nº 41003/2026, e-Doc. 287). Brasília, 23 de julho de 2026.""";;;;;;;caso
2026-07-24;portal;andamento;Pet 15556;7514886;"Decisão (sigiloso) — ""(...) 18. Ante o exposto, defiro o pedido formulado pela CVM para: (i) autorizar a realização de oitiva do investigado, presencialmente ou por meio de vídeo conferência, DANIEL BUENO VORCARO, no bojo dos Inquéritos Administrativos nº 19957.005195/2025-70, 19957.010013/2025-82 e 19957.012897/2025-18, todos em curso perante a CVM, que deverá se realizar em data e horário a serem fixados consensualmente, a partir de tratativa previamente estabelecidas entre a CVM e a administração da unidade prisional, com ciência da defesa técnica do investigado, preferencialmente nos meses de agosto ou setembro de 2026, nos termos solicitados pela requerente (Ofício nº 00004/2026/GJU-4/PFECVM/PGF/AGU); (ii) determinar, na hipótese de opção ser pelo depoimento presencial, que o ato seja realizado nas dependências do estabelecimento prisional em que se encontra o investigado, em sala reservada, com garantia de sigilo das declarações, dispensando-se o deslocamento do depoente; (iii) determinar a prévia intimação da defesa técnica do investigado da data designada, em observância ao art. 7º, incisos XIV e XXI, da Lei nº 8.906/1994 (Estatuto da OAB); (iv) determinar à Secretaria deste Tribunal que expeça ofício ao estabelecimento em que está custodiado o investigado DANIEL VORCARO, comunicando a necessidade de realização do ato e requerendo a cooperação da administração prisional para disponibilização de sala reservada e condições logísticas adequadas; (v) assegurar ao investigado, em qualquer hipótese, o direito ao silêncio (total ou parcial), à não autoincriminação e ao pleno exercício da autodefesa; 19. O depoimento deverá ser realizado em sala reservada, a ser disponibilizada pela administração da unidade prisional, com garantia de sigilo das declarações prestadas, ao princípio da inviolabilidade das comunicações no âmbito de processo investigativo e à necessidade de preservação da eficácia das diligências em andamento. O dia e horário do depoimento serão ajustados diretamente entre a CVM e o estabelecimento em que o preso se encontra custodiado, com ciência da defesa técnica do investigado. 20. A divulgação do teor da oitiva somente poderá ocorrer nos limites e na forma estabelecidos mediante autorização deste relator, cujo sigilo se impõe com redobrada intensidade, dada a magnitude e a delicadeza das investigações em curso. 21. Intime-se a parte requerente, com remessa de cópia integral desta decisão, as defesas constituídas, a Polícia Federal e o local de custódia em que o investigado se encontra custodiado, para que sejam adotadas as providências necessárias ao depoimento do investigado perante a Comissão de Valores Mobiliários. 22. Cumpridas as determinações acima, abra-se vista à Procuradoria-Geral da República. 23. Intimem-se e adotem-se as providências determinadas. Brasília, 24 de julho de 2026.""";;;;;;;caso
2026-07-27;documento;assercao;Pet 15556;7514886;Houve vista à PGR para fins de intimação em 27/07/2026.;fato_processual;;;8;1;Vista à PGR para fins de intimação - 27/07/2026;caso
2026-07-27;documento;decisao;Pet 15556;7514886;vista à autoridade policial para manifestação sobre a viabilidade do pedido de espelhamento de dispositivos eletrônicos apreendidos de Paulo Sérgio Neves de Souza (e-doc. 474) → determinou a abertura de vista à autoridade policial para manifestação sobre a viabilidade do pedido de espelhamento de dispositivos eletrônicos apreendidos;;;determinado_de_oficio;10;2;;caso
2026-07-27;documento;decisao;Pet 15556;7514886;vista ao Ministério Público Federal após a manifestação policial → determinou vista ao Ministério Público Federal após a vinda da manifestação policial;;;determinado_de_oficio;10;2;;caso
2026-07-27;portal;andamento;Pet 15556;7514886;Decisão (sigiloso) — Em 24/07/2026;;;;;;;caso
2026-07-28;documento;assercao;Pet 15556;7514886;A Secretaria Judiciária informou que os autos foram disponibilizados à autoridade policial, em 28 de julho de 2026.;fato_processual;;;9;1;A Secretaria Judiciária informa que, nesta data, os autos foram disponibilizados à autoridade policial. Brasília, 28 de julho de 2026.;caso
2026-07-28;portal;andamento;Pet 15556;7514886;"Despacho — ""(...) 1. Abra-se vista à autoridade policial para manifestação sobre a viabilidade do pedido de espelhamento de dispositivos eletrônicos apreendidos de Paulo Sérgio Neves de Souza (e-doc. 474). 2. Com a vinda da manifestação policial, dê-se vista ao Ministério Público Federal. Brasília, 27 de julho de 2026.""";;;;;;;caso
2026-07-31;documento;assercao;Pet 15198;7473336;A intimação foi recebida automaticamente pelo sistema em 31/07/2026, nos termos do art. 5º, §3º da Lei 11.419/2006.;fato_processual;;;141;1;A intimação foi recebida automaticamente pelo sistema, em 31/07/2026, nos termos do art. 5º, §3 da Lei 11.419/2006.;caso
2026-08-03;documento;assercao;Pet 15499;7509111;A intimação foi recebida automaticamente pelo sistema em 03/08/2026, nos termos do art. 5º, §3º da Lei 11.419/2006.;fato_processual;;;192;1;A intimação foi recebida automaticamente pelo sistema, em 03/08/2026, nos termos do art. 5º, §3 da Lei 11.419/2006.;caso
2026-08-05;documento;assercao;Pet 15198;7473336;Houve vista à PGR para fins de intimação em 05/08/2026.;fato_processual;;;136;1;Vista à PGR para fins de intimação - 05/08/2026;caso
2026-08-05;documento;assercao;Pet 15198;7473336;"É registrado nos autos o andamento ""Vista à PGR para fins de intimação"", datado de 05/08/2026.";fato_processual;;;137;1;Vista à PGR para fins de intimação - 05/08/2026;caso
2026-08-05;documento;assercao;Pet 15198;7473336;A decisão foi proferida em Brasília, em 5 de agosto de 2026, pelo Ministro André Mendonça, relator.;fato_processual;;;139;5;Brasília, 5 de agosto de 2026. Ministro ANDRÉMENDONÇA Relator;caso
2026-08-05;documento;assercao;Pet 15198;7473336;A decisão é datada de Brasília, 5 de agosto de 2026, e assinada pelo relator, Ministro André Mendonça.;fato_processual;;;140;5;Brasília, 5 de agosto de 2026.;caso
2026-08-05;documento;decisao;Pet 15198;7473336;"restituição do veículo I/Toyota Hilux SWSRXA4RD, placa SWJ7G45, apreendido nos autos → não decidiu o pedido; considerou a matéria estranha aos limites do feito e determinou o desentranhamento da petição e dos documentos (e-Docs. 997 a 1003) para autuação em apartado, como PET autônoma";;;outro;139;5;;caso
2026-08-05;documento;decisao;Pet 15198;7473336;"nomeação da requerente como depositária fiel do veículo, em caráter subsidiário → não decidiu o pedido; determinou o desentranhamento da petição para autuação em apartado, como PET autônoma";;;outro;139;5;;caso
2026-08-05;documento;decisao;Pet 15198;7473336;vista ao Ministério Público Federal sobre o pedido da petição, após a nova autuação → determinou que, procedida a nova autuação, se abra vista ao Ministério Público Federal para manifestação específica e fundamentada sobre o pedido;;;determinado_de_oficio;139;5;;caso
2026-08-05;documento;decisao;Pet 15198;7473336;"restituição dos veículos PORSCHE PANAMERA, placa RTY1A00, e PORSCHE MACAN, placa RTK9H99, apreendidos no âmbito da PET (e-Doc. 990) → não decidiu o pedido nestes autos; anotou que a matéria configura objeto estranho aos limites do feito e determinou o desentranhamento da petição e dos documentos (e-Docs. 990 a 996, Petição nº 86153/2026) para autuação em apartado, como PET autônoma";;;outro;140;5;;caso
2026-08-05;documento;decisao;Pet 15198;7473336;"subsidiariamente, posse direta dos veículos na condição de fiel depositário → não decidiu o pedido nestes autos; determinou o desentranhamento da petição e dos documentos para autuação em apartado, como PET autônoma";;;outro;140;5;;caso
2026-08-05;documento;decisao;Pet 15198;7473336;vista ao Ministério Público Federal, após a nova autuação, para manifestação sobre o pedido da Petição → determinou que, procedida a nova autuação, se abra vista ao Ministério Público Federal para manifestação específica e fundamentada sobre o pedido;;;determinado_de_oficio;140;5;;caso
2026-08-05;portal;andamento;Pet 15198;7473336;Decisão (sigiloso);;;;;;;caso
2026-08-05;portal;andamento;Pet 15198;7473336;Decisão (sigiloso);;;;;;;caso
2026-08-06;documento;assercao;Pet 15556;7514886;A intimação foi recebida automaticamente pelo sistema, em 06/08/2026.;fato_processual;;;8;1;A intimação foi recebida automaticamente pelo sistema, em 06/08/2026, nos termos do art. 5º, §3 da Lei 11.419/2006.;caso
2026-08-14;documento;decisao;Pet 15556;7514886;vista à Procuradoria-Geral da República para manifestação sobre o pedido formulado por FABIANO CAMPOS ZETTEL (e-doc. 506) → determinou a abertura de vista à Procuradoria-Geral da República para manifestação sobre o pedido formulado por FABIANO CAMPOS ZETTEL (e-doc. 506);;;determinado_de_oficio;6;2;;caso
2026-08-14;documento;decisao;Pet 15504;7509527;vista à Procuradoria-Geral da República para manifestação sobre o pedido formulado por Paulo Sérgio Neves de Souza (e-doc. 78) → determinou a abertura de vista à Procuradoria-Geral da República para manifestação sobre o pedido formulado por Paulo Sérgio Neves de Souza (e-doc. 78);;;determinado_de_oficio;205;2;;caso
2026-08-15;portal;andamento;Pet 15556;7514886;"Despacho — ""Abra-se vista à Procuradoria-Geral da República, para manifestação sobre o pedido formulado por FABIANO CAMPOS ZETTEL (e-doc. 506). Brasília, 14 de agosto de 2026.""";;;;;;;caso
2026-08-15;portal;andamento;Pet 15504;7509527;"Despacho — "" Abra-se vista à Procuradoria-Geral da República, para manifestação sobre o pedido formulado por Paulo Sérgio Neves de Souza (e-doc. 78). Brasília, 14 de agosto de 2026.""";;;;;;;caso
2026-08-17;documento;assercao;Pet 15198;7473336;A intimação foi recebida automaticamente pelo sistema em 17/08/2026, nos termos do art. 5º, §3º da Lei 11.419/2006.;fato_processual;;;136;1;"A intimação foi recebida automaticamente pelo
sistema, em 17/08/2026, nos termos do art. 5º, §3
da Lei 11.419/2006.";caso
2026-08-17;documento;assercao;Pet 15198;7473336;A intimação é recebida automaticamente pelo sistema, em 17/08/2026, nos termos do art. 5º, §3, da Lei 11.419/2006.;fato_processual;;;137;1;A intimação foi recebida automaticamente pelo sistema, em 17/08/2026, nos termos do art. 5º, §3 da Lei 11.419/2006.;caso
2026-08-25;documento;assercao;Pet 15556;7514886;Em 25/08/2026, o relator, Ministro André Mendonça, determinou a abertura de vista à Procuradoria-Geral da República para manifestação sobre o pedido formulado por Leonardo Augusto Furtado Palhares (e-doc. 522).;fato_processual;;;4;2;Abra-se vista à Procuradoria-Geral da República, para manifestação sobre o pedido formulado por LEONARDO AUGUSTO FURTADO PALHARES (e-doc. 522). Brasília, 25 de agosto de 2026.;caso
2026-08-25;documento;assercao;Inq 5026;7473347;O despacho foi proferido em Brasília, em 25 de agosto de 2026, e assinado pelo Ministro André Mendonça, relator.;fato_processual;;;68;3;Brasília, 25 de agosto de 2026. Ministro ANDRÉMENDONÇA Relator;caso
2026-08-25;documento;decisao;Pet 15556;7514886;vista à Procuradoria-Geral da República para manifestação sobre o pedido formulado por Leonardo Augusto Furtado Palhares (e-doc. 522) → determinou a abertura de vista à Procuradoria-Geral da República para manifestação sobre o pedido formulado por Leonardo Augusto Furtado Palhares (e-doc. 522);;;determinado_de_oficio;4;2;;caso
2026-08-25;documento;decisao;Inq 5026;7473347;prorrogação de prazo para a realização de diligências complementares nas investigações (e-Doc. 1031) → deferiu a prorrogação de prazo por mais 60 (sessenta) dias, com fulcro no artigo 230-C, § 1º, do RISTF, e determinou a remessa dos autos à Polícia Federal para a continuidade das investigações;;;deferido;68;3;;caso
2026-08-26;documento;assercao;Inq 5026;7473347;Houve vista à PGR para fins de intimação em 26/08/2026.;fato_processual;;;58;1;Vista à PGR para fins de intimação - 26/08/2026;caso
2026-08-26;portal;andamento;Pet 15556;7514886;Despacho — Em 25/08/2026;;;;;;;caso
2026-08-26;portal;andamento;Inq 5026;7473347;"Despacho — ""1. A autoridade policial requer a prorrogação de prazo para a realização de diligências complementares que reputa imprescindíveis para a ultimação das investigações (e-Doc. 1031). 2. Com fulcro no artigo 230-C, § 1º, do RISTF defiro a prorrogação de prazo, por mais 60 (sessenta) dias. 3. Remetam-se os autos à Polícia Federal para a continuidade das investigações. Brasília, 25 de agosto de 2026.""";;;;;;;caso
2026-08-27;documento;assercao;Inq 5026;7473347;A defesa de João Pedro Leite Nunes postula o adiamento da oitiva designada para 27/08/2026, sob o fundamento de que a defesa técnica constituída ainda não teve acesso ao caderno investigativo.;alegacao_parte;Defesa de João Pedro Leite Nunes;;65;3;o adiamento da oitiva designada para o dia 27/08/2026, sob o fundamento de que a defesa técnica constituída ainda não teve acesso ao caderno investigativo;caso
2026-08-28;documento;assercao;Pet 15556;7514886;A Secretaria Judiciária faz remessa dos autos com vista ao Procurador-Geral da República, em 28 de agosto de 2026.;fato_processual;;;2;1;De ordem, a Secretaria Judiciária faz remessa destes autos com vista ao Excelentíssimo Senhor Procurador-Geral da República. Brasília, 28 de agosto de 2026.;caso
2026-08-28;documento;assercao;Inq 5026;7473347;O despacho foi proferido em Brasília, em 28 de agosto de 2026, e assinado pelo Ministro André Mendonça, relator.;fato_processual;;;63;3;Brasília, 28 de agosto de 2026. Ministro ANDRÉMENDONÇA Relator;caso
2026-08-28;documento;assercao;Inq 5026;7473347;O despacho foi proferido em Brasília, em 28 de agosto de 2026, e assinado pelo Ministro André Mendonça, relator.;fato_processual;;;64;3;Brasília, 28 de agosto de 2026. Ministro ANDRÉMENDONÇA Relator;caso
2026-08-28;documento;assercao;Inq 5026;7473347;A decisão foi proferida em Brasília, em 28 de agosto de 2026, pelo Ministro André Mendonça, relator.;fato_processual;;;65;4;Brasília, 28 de agosto de 2026. Ministro ANDRÉMENDONÇA Relator;caso
2026-08-28;documento;decisao;Inq 5026;7473347;intimação da autoridade policial para ciência das informações prestadas por DIOGO ILÁRIO DE ARAÚJO OLIVEIRA e dos documentos relativos ao estado de saúde do investigado (e-Doc. 1021-1024) → determinou à Secretaria, com urgência, a intimação da autoridade policial para ciência das informações e dos documentos relativos ao estado de saúde do investigado;;;determinado_de_oficio;63;3;;caso
2026-08-28;documento;decisao;Inq 5026;7473347;vista à Procuradoria-Geral da República para manifestação sobre o pleito formulado pelo Distrito Federal (e-doc. 1051) → determinou a abertura de vista à Procuradoria-Geral da República para manifestação sobre o pleito formulado pelo Distrito Federal;;;determinado_de_oficio;64;2;;caso
2026-08-28;documento;decisao;Inq 5026;7473347;acesso integral aos autos do Inquérito nº 5026/STF → julgou prejudicado o pedido, porque o acesso aos autos já havia sido concedido ao requerente desde 24 de agosto do corrente ano;;;prejudicado;65;4;;caso
2026-08-28;documento;decisao;Inq 5026;7473347;adiamento da oitiva do investigado designada para o dia 27/08/2026 → julgou prejudicado o pedido ante a superveniência da data inicialmente indicada para a realização do ato;;;prejudicado;65;4;;caso
2026-08-28;portal;andamento;Inq 5026;7473347;Despacho;;;;;;;caso
2026-08-28;portal;andamento;Inq 5026;7473347;Despacho;;;;;;;caso
2026-08-28;portal;andamento;Inq 5026;7473347;Decisão (sigiloso) — julgo prejudicados os pedidos da Petição do e-doc 1015;;;;;;;caso
2026-08-28;portal;andamento;Pet 16662;7681133;Distribuído por prevenção — MIN. ANDRÉ MENDONÇA. Prevenção do Relator/Sucessor: MIN. ANDRÉ MENDONÇA. Justificativa legal: RISTF, art. 69, caput. Processo que justifica: Pet 15556;;;;;;;caso
2026-08-28;portal;andamento;Pet 16662;7681133;Autuado;;;;;;;caso
2026-08-31;portal;andamento;Pet 16662;7681133;Despacho;;;;;;;caso
2026-09-01;portal;andamento;Pet 16662;7681133;"Despacho — ""[...]. 23. Com base em tais razões, determino o levantamento do sigilo dos presentes autos. Brasília, 1º de setembro de 2026.""";;;;;;;caso
2026-09-03;portal;andamento;Pet 16704;7687920;"Despacho — "" No âmbito da PET nº 16.662, cujas peças foram recentemente tornadas públicas, o e. Ministro Relator despachou indicando que a matéria recomenda exame do Plenário deste Supremo Tribunal Federal. Posteriormente, veio aos autos parecer da Procuradoria Geral da República opinando pela extinção da Pet em pauta. Cabe à Presidência do tribunal zelar para que a possível apreciação colegiada seja feita, a tempo e modo, com o elevado senso de responsabilidade que os fatos reclamam, sempre assegurando o respeito às garantias constitucionais do devido processo legal, da ampla defesa e do contraditório. Ao lado da apreciação posterior de eventuais vícios de forma, decorrentes da dúvida suscitada pela PGR, as informações ali trazidas pela Polícia Federal, se reconhecidas, recomendam seja cumprido o dever da Presidência do Supremo Tribunal Federal de velar pelas prerrogativas do Tribunal (art. 13, I, do RISTF). Cumpre, pois, elucidar as circunstâncias de fato alegadas pela PGR no parecer acima mencionado. Ao mesmo tempo, impende colher informações. Em especial, sobre: (i) o cumprimento pela Polícia Federal, em relação a autoridades com foro no Supremo Tribunal Federal por prerrogativa de função, do constante da Lei Orgânica da Magistratura, sem exceção (Art. 33. Parágrafo único - Quando, no curso de investigação, houver indício da prática de crime por parte do magistrado, a autoridade policial, civil ou militar, remeterá os respectivos autos ao Tribunal ou órgão especial competente para o julgamento, a fim de que prossiga na investigação); (ii) eventuais indícios de que credenciais de acesso institucional tenham sido utilizadas para avaliar documento estritamente particular e de que informações sujeitas ao sigilo judicial foram reveladas a pessoa investigada; (iii) as circunstâncias em que se deu o despacho (referido nas p. 3-4 do eDOC 7 da PET nº 16.662) que determinou a apresentação da identificação das pessoas mencionadas nas fls. 3-5 da IPJ-M nº 144738439.2026; (iv) e ainda, as medidas, no exercício do controle externo da atividade policial, que foram tomadas para zelar pela observância estrita do art. 33, parágrafo único, da LOMAN. A fim de que possam prestar, por escrito, as informações que entenderem cabíveis e pertinentes, manifestem-se, no prazo comum de 5 (cinco) dias úteis: a. O Exmo. Senhor Ministro Alexandre de Moraes; b. O Exmo. Senhor Ministro André Mendonça; c. O Exmo. Senhor Procurador-Geral da República Paulo Gonet Branco; d. O Senhor Diretor-Geral da Polícia Federal Andrei Rodrigues. Autue-se como “PET” o presente procedimento. Juntem-se a esta PET: a. Cópia Integral dos autos da PET nº 16.662; b. A Nota divulgada pela Secretária de Comunicação Social por solicitação do gabinete do Ministro Alexandre de Moraes em 06.03.2026. Publique-se o presente despacho. Brasília, 3 de setembro de 2026.""";;;;;;;caso
2026-09-03;portal;andamento;Pet 16704;7687920;Autuado;;;;;;;caso
2026-09-04;documento;assercao;Pet 15504;7509527;A Secretaria Judiciária informa que os autos foram disponibilizados à autoridade policial, em 4 de setembro de 2026.;fato_processual;;;202;1;A Secretaria Judiciária informa que, nesta data, os autos foram disponibilizados à autoridade policial. Brasília, 04 de setembro de 2026.;caso
2026-09-04;documento;decisao;Pet 15504;7509527;prorrogação de prazo para a realização de diligências complementares nas investigações (e-Doc. 91) → deferiu a prorrogação de prazo por mais 60 (sessenta) dias, com fulcro no artigo 230-C, § 1º, do RISTF;;;deferido;203;2;;caso
2026-09-04;documento;decisao;Pet 15504;7509527;remessa dos autos à Polícia Federal para continuidade das investigações → determinou a remessa dos autos à Polícia Federal para a continuidade das investigações;;;determinado_de_oficio;203;2;;caso
2026-09-04;portal;andamento;Pet 15504;7509527;"Despacho — ""A autoridade policial requer a prorrogação de prazo para a realização de diligências complementares que reputa imprescindíveis para a ultimação das investigações (e-Doc. 91). 2. Com fulcro no artigo 230-C, § 1º, do RISTF defiro a prorrogação de prazo, por mais 60 (sessenta) dias. 3. Remetam-se os autos à Polícia Federal para a continuidade das investigações. Brasília, 4 de setembro de 2026.""";;;;;;;caso
2026-09-04;portal;andamento;Pet 16704;7687920;"Despacho — "" Faço referência à decisão e anexos encaminhada pelo Ministro Alexandre de Moraes a esta Presidência na data de 3 de setembro de 2026, oriunda do Inq 4.781/DF. Considerando a necessidade de adequada instrução do feito para a apreciação da admissibilidade e da regularidade do procedimento adotado pelo Ministro Alexandre de Moraes, bem como, se for o caso, das imputações nele deduzidas, determino a complementação da instrução, nos termos a seguir. À Procuradoria-Geral da República, dê-se vista para que, no prazo de 5 (cinco) dias úteis, apresente parecer acerca da admissibilidade e da regularidade do procedimento e, se pertinente, das imputações nele deduzidas. Sucessivamente, ao Ministro André Mendonça, faculte-se, no prazo de 5 (cinco) dias úteis, a apresentação de manifestação acerca da forma, do conteúdo e da regularidade do procedimento, inclusive quanto aos aspectos processuais que entender pertinentes. As providências ora determinadas destinam-se exclusivamente à instrução do feito, sem antecipação de juízo quanto à admissibilidade, à regularidade do procedimento ou ao mérito das imputações. Decorridos os prazos, com ou sem manifestação, voltem os autos conclusos para apreciação. Determino seja a decisão e respectivos anexos desentranhados do Inq. 4.781/DF, digitalizados e juntados à Pet 16.704. Publique-se. Brasília, 4 de setembro de 2026.""";;;;;;;caso
2026-09-06;portal;andamento;Pet 16662;7681133;Inclua-se em pauta - minuta extraída — Julgamento Presencial: Mérito. Tribunal Pleno.;;;;;;;caso
2026-09-07;documento;assercao;Inq 5026;7473347;A intimação foi recebida automaticamente pelo sistema, em 07/09/2026.;fato_processual;;;58;1;"A intimação foi recebida automaticamente pelo
sistema, em 07/09/2026, nos termos do art. 5º, §3
da Lei 11.419/2006.";caso
2026-09-08;portal;andamento;Pet 16662;7681133;Despacho — Assim, diante de elementos que apontam para a incompetência da Segunda Turma e do risco de decisões conflitantes sobre uma mesma matéria, pedi vista do processo para melhor exame dos autos.;;;;;;;caso
2026-09-08;portal;andamento;Pet 16662;7681133;Suspenso o julgamento — Pedido de vista;;;;;;;caso
2026-09-08;portal;andamento;Pet 16662;7681133;Iniciado Julgamento Virtual — Iniciado Julgamento Virtual em 08 de Setembro de 2026 (Terça-feira), às 10:00, Pet 16662 Ref;;;;;;;caso
2026-09-08;portal;andamento;Pet 16662;7681133;Apresentado em mesa para julgamento — Julgamento Virtual: Pet-Ref Incluído na lista 546-2026.ALM - Agendado para: 08/09/2026 10:00 a 08/09/2026 23:59. Sessão Virtual Extraordinária, podendo os advogados e procuradores apresentar sustentações orais até às 09h59 do dia 08/09/2026.;;;;;;;caso
2026-09-08;portal;andamento;Pet 16662;7681133;Liminar deferida ad referendum;;;;;;;caso
2026-09-09;portal;andamento;Pet 16704;7687920;"Deferido — ""(...) Ante o exposto, no exercício das atribuições conferidas pelo artigo 13, I e III do RISTF, em consonância com a decisão proferida na SL 1.946, determino: I) a suspensão da decisão proferida pelo Ministro André Mendonça, na data de 08 de setembro de 2026, na Pet 16.662 (Id 83895668); II) o sobrestamento do trâmite da Pet 16.662, de Relatoria do Ministro André Mendonça, até ulterior deliberação; III) a suspensão da decisão proferida, na data de hoje, pelo Ministro Flávio Dino, no bojo da Pet 16.669, porquanto o tema ali invocado está sendo devidamente enfrentado por esta Presidência nos autos da SL 1.946; IV) a suspensão de todo e qualquer procedimento que verse sobre potencial investigação em face de integrantes deste Supremo Tribunal Federal, os quais devem ser preliminarmente remetidos a esta Presidência. Esta decisão, voltada à paralisação urgente de comandos conflitantes e sobrepostos que geram lesão à ordem pública, associa-se à ordem jurisdicional exarada, na data de hoje, por esta Presidência no âmbito da SL 1.946 e ao ato administrativo de competência exclusiva da Presidência veiculado no SEI 12146/2026. Esta Presidência reservar-se-á poder de cautela e de supervisão da regularidade da tramitação de feitos, ainda que já distribuídos, em caso de novas decisões que gerem conflitos inconciliáveis e potencial de lesão à ordem pública. Junte-se cópia da presente decisão à Pet 16.662, de relatoria do Ministro André Mendonça. Determino a suspensão do Procedimento de Controle Externo objeto de comunicação pelo Ofício nº 696/2026 - ASSCRIM/PGR instaurado pela Procuradoria Geral da República até ulterior deliberação desta Corte. No tocante à Pet 16662, de relatoria do Ministro André Mendonça, considerando que o Relator já indicou o feito à pauta, convoco Sessão Plenária Extraordinária para o dia 15 de setembro de 2026, às 10 horas. Cumpra-se. Publique-se. Brasília, 9 de setembro de 2026.""";;;;;;;caso
2026-09-09;portal;andamento;Pet 16662;7681133;Incluído no calendário de julgamento pelo Presidente — Data de Julgamento: 15/09/2026;;;;;;;caso
2026-09-09;portal;andamento;Pet 16662;7681133;Vista ao(à) Ministro(a) — Decisão: Após o voto do Ministro André Mendonça (Relator) que referendava a decisão anteriormente proferida, pelos seus próprios fundamentos, no que foi acompanhado pelos Ministros Luiz Fux e Nunes Marques, pediu vista dos autos o Ministro Gilmar Mendes. Segunda Turma, Sessão Virtual Extraordinária de 8.9.2026 (10h00) a 8.9.2026 (23h59).;;;;;;;caso
2026-09-09;portal;andamento;Pet 16662;7681133;Pauta publicada no DJE - Plenário — Pet. DJE divulgado em 08/09/2026, publicado em 09/09/2026.;;;;;;;caso
2026-09-10;portal;andamento;Pet 16704;7687920;"Despacho — ""1. Em harmonia à solicitação formulada pelo eminente Presidente, Ministro Edson Fachin, promovo o levantamento do sigilo dos autos da PET nº 15.556 e dos procedimentos contidos ou relacionados, abaixo elencados: INQ 5.026; RCL 88.121; PET 15.198; INQ 5.035; PET 15.478; PET 15.504; PET 15.562; PET 15.563; PET 15.693; PET 15.976; PET 15.977; PET 15.978; PET 16.019; PET 16.662. 2. Registro, ainda, que estão sendo adotadas as providências administrativas necessárias à remessa de cópia integral dos referidos autos, em HD próprio, à Presidência e aos Gabinetes dos eminentes Ministros. Publique-se. Brasília, 10 de setembro de 2026.""";;;;;;;caso
2026-09-10;portal;andamento;Pet 16704;7687920;"Despacho — ""Tendo em vista a inclusão da Pet 16.662 em calendário de julgamento da sessão extraordinária de 15 de setembro de 2026 e considerando que a Pet 16.662 foi formada a partir da Pet 15.556, solicite se ao eminente Ministro André Mendonça (Relator da Pet 15.556), a remessa, em HD próprio, a esta Presidência e aos Gabinetes dos eminentes Ministros, de todos os procedimentos contidos ou relacionados à Pet 15.556, bem como o levantamento do sigilo da Pet 15.556 (e dos procedimentos nela contidos ou a ela relacionados), ressalvado apenas o que diga respeito a diligências cujo sigilo seja imprescindível à realização da medida. Publique-se. Brasília, 10 de setembro de 2026.""";;;;;;;caso
2026-09-10;portal;andamento;Pet 16662;7681133;Ata de Julgamento Publicada, DJE — Divulgado em 09/09/2026. https://digital.stf.jus.br/publico/publicacao/1008343;;;;;;;caso
2026-09-11;portal;andamento;Pet 16704;7687920;"Despacho — ""(...) 5. Por fim, reitero que todo o material utilizado para o julgamento da próxima terça-feira encontra-se disponível, na íntegra, a Vossas Excelências. Para tal fim, este relator dispõe exatamente do mesmo conjunto de elementos de informação franqueado aos demais pares que irão participar da referida sessão. Publique-se. Brasília, 11 de setembro de 2026.""";;;;;;;caso
2026-09-11;portal;andamento;Pet 16704;7687920;Despacho;;;;;;;caso
2026-09-11;portal;andamento;Pet 16704;7687920;Despacho;;;;;;;caso
2026-09-11;portal;andamento;Pet 16704;7687920;"Despacho — ""(...) 11. Portanto, em síntese, os procedimentos “contidos” ou “relacionados” à PET nº 15.556, que têm relação com o julgamento pautado para a próxima terça-feira, já tiveram seus sigilos levantados por este Relator no despacho proferido na data de ontem no âmbito da Pet 16704 e estão integralmente disponibilizados aos gabinetes dos eminentes Ministros deste Tribunal. 12. Sem mais para o momento, apresento meus protestos de elevada estima e distinta consideração. Publique-se. Brasília, 11 de setembro de 2026.""";;;;;;;caso
2026-09-11;portal;andamento;Pet 16704;7687920;"Despacho — ""(...) 4. Por fim, esclareço que, conforme registrado por meio do Ofício nº 33V/2026 - CINQ/CGRC/DICOR/PF, de 08/03/2026, a autoridade policial, de forma voluntária e espontânea, entregou a este gabinete, em envelope lacrado,cópia de segurança dos dados extraídos da mídia original (o celular apreendido), correspondente a “HD encriptado contendo a extração de dados do celular de DANIEL BUENO VORCARO, a qual foi formalizada através do Laudo nº 4281/2026-SETEC/SR/PF/SP”. Contudo, referida cópia de segurança permanece lacrada e intocada até o presente momento, conforme faz prova o Lacre nº “B0003311945”, registrado no referido Ofício. Brasília, 11 de setembro de 2026.""";;;;;;;caso
2026-09-11;portal;andamento;Pet 16704;7687920;"Despacho — ""Junte-se aos autos os Ofícios nº. 07/2026 e nº. 08/2026, do eminente Ministro Alexandre de Moraes. 2. A solicitação contida no Ofício nº. 08/2026 foi deferida no despacho eDoc 65, em referência ao Ofício nº. 13/2026, do eminente Ministro Cristiano Zanin. 3. Após, voltem conclusos para apreciação das solicitações contidas no Ofício nº. 07/2026, do eminente Ministro Alexandre de Moraes. Publique-se. Brasília, 11 de setembro de 2026.""";;;;;;;caso
2026-09-11;portal;andamento;Pet 16704;7687920;"Despacho — "" Junte-se aos autos o Ofício nº. 13/2026, do eminente Ministro Cristiano Zanin, solicitando-se informações ao eminente Ministro André Mendonça sobre o pedido ali contido e a disponibilidade do material referenciado. Publique-se. Brasília, 11 de setembro de 2026.""";;;;;;;caso
2026-09-11;portal;andamento;Pet 16704;7687920;"Despacho — ""(...) Acolho o pedido feito pelo Vice-Procurador-Geral da República, titular da ação penal, para solicitar que o e. Ministro André Mendonça promova, em até 24h, a remessa, em HD próprio, a esta Presidência e aos Gabinetes dos eminentes Ministros, de todos os procedimentos contidos ou relacionados à Pet 15.556 e à denominada “Operação Compliance Zero” (Inq 5026), bem como o levantamento do sigilo da Pet 15.556 (e dos procedimentos nela contidos ou a ela relacionados), ressalvadas exclusivamente as diligências em andamento ou a serem realizadas, para os quais se pudesse antever possíveis prejuízos à sua efetividade. Publique-se. Brasília, 11 de setembro de 2026.""";;;;;;;caso
2026-09-12;portal;andamento;Pet 16704;7687920;"Despacho — ""[...]. Considerando a possibilidade de o resultado da deliberação da PET 16.662 ensejar a aplicação do art. 144, IV, do Código de Processo Civil, determino, com fundamento no art. 13, XV, do Regimento Interno do Supremo Tribunal Federal, à Secretaria Judiciária, que substitua a relatoria da PET 16.662 para a Presidência do Supremo Tribunal Federal. Publique-se.""";;;;;;;caso
2026-09-12;portal;andamento;Pet 16704;7687920;"Despacho — ""[...]. 3. Intime-se a Polícia Federal para que preste informações, em até 24 (vinte e quatro) horas, sobre a custódia do material e o estado em que se encontra. Publique-se.""";;;;;;;caso
2026-09-12;portal;andamento;Pet 16704;7687920;"Despacho — ""(...) Diante do exposto, indefiro o pedido de inclusão em pauta da Pet 16.704, mantendo-se a Sessão Plenária Extraordinária designada exclusivamente para apreciação da Pet 16.662. No ensejo, determino que, finda a instrução desta Pet 16.704, seja liberada para a pauta e incluída em calendário na sessão de 23 de setembro de 2026. Publique-se. Intime-se. Cumpra-se.""";;;;;;;caso
2026-09-12;portal;andamento;Pet 16704;7687920;"Despacho — ""Junte-se aos autos o Ofício no 10/2026, do eminente Ministro Alexandre de Moraes, e o Ofício no 05/2026, do eminente Ministro Gilmar Mendes. Publique-se.""";;;;;;;caso
2026-09-12;portal;andamento;Pet 16662;7681133;"Despacho — ""[...]. 5. Assim, em cumprimento à referida determinação, e tendo em vista que, como previamente demonstrado, esta específica Pet. nº 16.662/DF foi instaurada para adoção do rito procedimental imposto pela incidência do art. 5º, I, do RISTF, encaminho os presentes autos à Presidência. Publique-se.""";;;;;;;caso
2026-09-13;portal;andamento;Pet 16704;7687920;"Despacho — ""Tendo em vista o pedido formulado pelo e. Ministro Alexandre de Moraes, no sentido de que seja determinado o levantamento de sigilo da PET 15645, e considerando que esse procedimento não está entre os que foram especificamente listados pela Procuradoria-Geral da República no eDOC 83, intime-se o Procurador-Geral da República para manifestar-se, com a brevidade, acerca do pedido formulado por Sua Excelência. Publique-se. Brasília, 13 de setembro de 2026.""";;;;;;;caso
2026-09-13;portal;andamento;Pet 16704;7687920;"Despacho — ""(...) 3. Por fim, reitero que todo o material utilizado para o julgamento da próxima terça-feira encontra-se disponível, na íntegra, a todos os Ministros deste Tribunal. Para tal fim, este Ministro dispõe exatamente do mesmo conjunto de elementos de informação franqueado aos demais pares que irão participar da referida sessão. (...).""";;;;;;;caso
2026-09-14;portal;andamento;Pet 16704;7687920;Interposto agravo regimental — Juntada Petição: 115644/2026;;;;;;;caso
2026-09-14;portal;andamento;Pet 16704;7687920;"Despacho — ""Tendo em vista a manifestação da Procuradoria-geral da República (eDoc 136), acolho o pedido formulado pelo e. Ministro Alexandre de Moraes, por meio do Ofício nº. 11/2026 (eDoc 131), para solicitar que o e. Ministro André Mendonça promova o levantamento do sigilo da Pet 15.645. Publique-se. Brasília, 14 de setembro de 2026.""";;;;;;;caso
